user_id,int_place_id,rating
1,51,4.0
1,44,4.8
1,14,4.8
1,45,3.5
1,35,3.8
1,33,4.3
1,17,4.6
1,8,3.9
1,19,4.9
1,52,4.2
1,11,4.5
1,38,4.3
1,22,4.2
1,37,3.9
1,12,4.0
1,36,3.7
1,42,3.5
1,18,3.7
1,41,3.9
1,46,4.9
1,43,3.7
1,49,3.9
2,38,4.6
2,17,4.6
2,30,3.6
2,47,3.5
2,11,4.6
2,41,4.0
2,36,4.0
2,46,4.2
2,37,4.2
2,12,3.9
2,28,3.5
2,49,4.9
2,35,3.8
2,20,4.4
2,18,4.2
2,51,4.4
2,19,4.6
2,32,3.8
2,52,4.2
2,8,4.9
2,23,4.8
2,14,4.9
2,22,3.7
2,29,3.5
2,43,4.3
3,14,4.0
3,49,4.3
3,24,4.9
3,48,4.8
3,16,4.2
3,41,4.5
3,11,4.1
3,42,4.6
3,38,3.9
3,23,3.9
3,18,3.6
3,21,4.4
3,33,4.9
3,34,4.0
3,36,4.3
3,46,4.0
3,12,4.7
3,28,5.0
3,17,4.4
3,32,4.3
3,37,4.9
3,19,4.6
3,54,4.1
3,22,4.1
4,33,3.6
4,46,3.6
4,34,4.1
4,11,4.0
4,42,4.8
4,49,4.4
4,44,4.3
4,41,4.2
4,43,4.6
4,36,4.2
4,20,4.3
4,32,4.9
4,48,5.0
4,18,3.9
4,23,3.5
4,17,3.3
4,14,4.9
4,45,3.9
4,52,4.5
4,35,4.8
4,28,4.2
4,51,3.8
4,22,3.9
4,8,5.0
4,12,3.6
5,48,3.5
5,14,3.6
5,37,3.8
5,26,4.3
5,24,4.0
5,41,3.8
5,34,3.5
5,18,3.4
5,33,4.6
5,20,4.7
5,44,4.5
5,36,4.6
5,22,4.7
5,30,3.4
5,23,3.7
5,12,4.8
5,21,4.2
5,42,4.6
5,45,4.6
5,10,3.3
5,43,4.7
5,51,4.3
5,17,4.5
6,36,4.3
6,64,3.9
6,28,3.7
6,26,3.9
6,24,3.5
6,49,4.3
6,32,3.9
6,48,3.8
6,34,4.0
6,30,4.2
6,14,4.6
6,5,3.6
6,18,4.1
6,45,4.0
6,43,3.5
6,35,4.1
6,44,4.0
6,12,4.3
6,37,4.7
6,47,4.2
6,51,3.8
6,19,3.7
6,29,4.3
6,16,4.7
6,21,4.6
6,20,3.7
6,23,3.7
6,11,3.6
6,41,4.0
6,52,4.7
6,8,4.5
6,38,4.7
7,43,4.1
7,18,4.4
7,8,4.6
7,52,4.2
7,28,4.9
7,91,5.0
7,24,4.8
7,30,3.4
7,51,3.8
7,12,3.9
7,32,4.2
7,42,4.1
7,33,3.7
7,17,4.6
7,22,4.2
7,19,3.6
7,46,4.3
7,11,5.0
7,47,4.0
7,23,3.4
7,44,3.9
7,36,4.4
7,48,4.3
7,35,4.8
7,20,4.7
8,18,3.6
8,35,4.2
8,24,3.5
8,19,4.3
8,38,4.3
8,29,3.7
8,30,3.9
8,41,4.6
8,12,3.2
8,37,4.0
8,42,3.9
8,36,3.8
8,32,4.1
8,51,4.8
8,33,4.2
8,49,3.9
8,21,4.2
8,44,3.8
8,48,3.7
8,47,3.9
8,45,4.0
8,34,4.0
9,45,4.5
9,51,4.3
9,11,4.8
9,23,4.9
9,43,3.8
9,30,3.7
9,32,4.7
9,14,4.6
9,26,3.7
9,52,4.1
9,49,4.4
9,44,4.3
9,42,4.4
9,12,4.8
9,22,3.8
9,36,3.7
9,21,3.8
9,41,4.2
9,48,3.6
9,38,4.2
9,28,3.8
10,33,4.2
10,52,5.0
10,44,3.8
10,35,4.6
10,14,4.4
10,48,4.3
10,32,3.6
10,9,3.1
10,28,4.2
10,45,4.2
10,41,3.6
10,51,4.1
10,11,4.4
10,18,4.3
10,21,4.0
10,46,4.8
10,22,3.9
11,93,4.0
11,42,3.7
11,30,3.7
11,22,3.5
11,38,3.7
11,49,3.9
11,20,4.3
11,36,3.5
11,34,3.7
11,35,4.7
11,41,3.8
11,24,3.6
11,33,3.8
11,55,4.7
11,11,3.8
11,26,4.0
11,12,4.9
11,46,4.7
11,45,3.8
11,32,3.9
11,47,4.4
11,29,4.5
11,18,4.6
11,37,4.0
11,52,3.8
11,23,4.7
12,45,3.6
12,32,3.8
12,33,3.8
12,22,4.2
12,46,3.6
12,17,3.8
12,18,3.7
12,51,4.7
12,11,4.7
12,26,4.3
12,21,4.9
12,23,3.7
12,12,3.4
12,29,4.5
12,47,4.6
12,28,4.2
12,37,3.6
12,48,4.2
12,20,3.8
12,24,5.0
12,8,4.7
12,41,4.2
12,44,4.6
12,36,4.8
12,38,3.7
12,30,3.5
12,42,4.5
13,45,3.8
13,48,4.1
13,22,4.6
13,43,4.2
13,42,3.8
13,12,3.7
13,11,4.3
13,49,4.6
13,46,4.6
13,56,4.1
13,17,4.0
13,38,3.6
13,19,3.4
13,51,3.8
13,28,3.6
13,34,3.7
13,44,4.0
13,52,4.5
13,47,4.3
14,20,4.0
14,11,4.4
14,47,4.1
14,22,4.0
14,23,4.8
14,34,3.5
14,14,4.8
14,30,4.9
14,32,4.4
14,42,4.9
14,54,4.6
14,43,4.2
14,12,3.2
14,44,4.0
14,45,3.7
14,37,4.9
14,8,4.5
14,19,4.6
14,17,4.8
14,24,4.9
14,78,4.2
14,33,4.4
14,26,4.5
14,36,5.0
14,18,4.2
15,22,4.9
15,43,3.6
15,28,4.3
15,45,4.0
15,31,4.2
15,11,3.5
15,8,4.3
15,48,4.3
15,33,3.4
15,30,4.3
15,47,4.1
15,49,4.6
15,19,4.0
15,32,3.9
15,51,4.4
15,34,3.5
15,29,4.5
15,42,4.1
15,18,4.2
15,54,3.8
15,24,3.5
16,47,3.9
16,24,3.9
16,43,4.7
16,44,4.1
16,23,3.3
16,36,4.6
16,35,4.0
16,41,4.8
16,11,3.9
16,30,3.7
16,26,4.9
16,20,4.2
16,37,3.7
16,49,4.9
16,14,4.1
16,48,4.1
16,19,4.7
16,38,3.8
16,8,3.1
16,28,4.8
16,12,4.1
16,51,4.3
16,52,4.0
17,51,4.2
17,23,3.4
17,24,3.8
17,43,4.3
17,33,4.7
17,20,4.1
17,35,4.0
17,42,3.8
17,46,3.8
17,19,5.0
17,44,4.2
17,28,3.9
17,21,3.7
17,30,3.7
17,32,4.8
17,29,4.0
17,8,4.0
17,47,4.3
17,17,4.4
17,48,4.0
18,30,3.5
18,33,4.8
18,45,4.4
18,53,4.3
18,41,4.5
18,52,4.3
18,19,3.7
18,24,4.4
18,22,4.2
18,66,4.6
18,11,4.1
18,21,4.9
18,42,4.4
18,23,4.6
18,51,3.9
18,8,4.0
18,36,4.5
18,12,4.5
18,44,4.4
18,48,4.3
18,20,4.3
18,43,3.8
18,14,3.6
18,17,4.3
18,46,5.0
18,26,4.8
19,20,3.9
19,41,5.0
19,47,4.8
19,68,5.0
19,36,4.5
19,24,3.5
19,33,4.1
19,14,4.2
19,46,3.8
19,45,4.5
19,95,4.5
19,21,4.4
19,17,3.9
19,57,4.9
19,48,4.5
19,43,4.3
19,18,4.4
19,44,4.9
19,32,4.8
19,12,4.5
19,19,3.7
19,38,4.5
19,51,3.9
20,28,4.6
20,52,3.8
20,12,3.4
20,36,3.7
20,44,3.7
20,47,4.3
20,35,4.0
20,51,4.4
20,48,3.7
20,26,3.4
20,19,4.4
20,8,3.9
20,38,5.0
20,41,4.3
20,24,3.6
20,45,4.6
20,34,4.8
20,43,4.2
20,11,3.5
20,37,4.7
20,32,3.9
20,17,3.3
20,33,3.9
21,38,4.5
21,22,5.0
21,28,3.5
21,52,4.6
21,37,3.5
21,32,4.5
21,43,4.5
21,23,3.3
21,34,4.8
21,42,3.9
21,33,3.8
21,44,4.8
21,14,3.9
21,93,4.9
21,19,4.9
21,46,4.7
21,47,5.0
21,58,4.2
21,17,3.8
21,8,4.8
21,30,3.9
21,12,4.9
21,49,4.8
22,37,3.8
22,30,3.8
22,24,5.0
22,11,3.8
22,59,4.9
22,20,3.5
22,49,3.8
22,51,3.9
22,19,3.5
22,29,4.8
22,21,3.4
22,8,3.9
22,42,4.3
22,48,3.5
22,44,3.6
22,26,4.4
22,43,4.2
22,41,4.3
22,45,4.6
22,14,4.2
22,46,4.0
23,46,3.6
23,20,4.9
23,30,3.4
23,48,3.6
23,26,3.8
23,19,4.1
23,14,4.8
23,32,3.6
23,24,4.0
23,18,4.8
23,21,4.6
23,11,4.4
23,41,4.3
23,37,4.7
23,28,4.3
23,36,4.5
23,51,5.0
23,17,4.2
23,29,3.5
23,8,3.0
24,44,4.9
24,17,4.1
24,22,3.8
24,28,3.7
24,48,4.6
24,49,4.9
24,47,4.9
24,20,3.8
24,42,4.3
24,52,4.9
24,36,5.0
24,19,4.3
24,32,4.2
24,38,4.0
24,41,4.7
24,14,4.9
24,43,3.6
24,23,4.3
25,35,3.8
25,51,3.9
25,47,3.5
25,30,4.4
25,45,4.6
25,44,3.9
25,8,3.2
25,20,3.3
25,46,4.5
25,38,4.7
25,26,4.5
25,11,4.8
25,37,4.9
25,34,3.5
25,32,4.1
25,12,4.8
25,41,3.6
25,23,3.8
25,36,4.5
25,43,4.1
25,18,3.5
25,14,4.8
25,22,3.6
26,45,4.9
26,30,3.5
26,58,4.2
26,46,4.9
26,22,4.4
26,44,4.1
26,51,4.7
26,41,4.6
26,93,4.8
26,52,4.1
26,105,4.3
26,42,4.9
26,47,4.3
26,33,3.9
26,35,3.6
26,13,3.5
26,24,3.8
26,36,4.7
26,11,4.3
26,32,3.9
26,17,3.5
27,37,4.3
27,52,5.0
27,45,4.4
27,38,4.4
27,11,4.8
27,19,4.2
27,17,3.4
27,23,4.7
27,47,4.9
27,22,4.0
27,24,3.5
27,30,4.1
27,49,3.9
27,18,4.6
27,44,4.5
27,43,4.0
27,35,3.9
27,40,4.6
27,46,4.6
27,48,4.4
27,36,4.7
27,55,4.2
27,51,4.5
27,20,3.9
27,14,3.8
27,41,3.8
28,38,3.7
28,5,2.6
28,22,4.0
28,20,3.5
28,12,3.7
28,46,3.6
28,14,4.2
28,37,3.6
28,21,4.4
28,23,4.6
28,48,4.5
28,33,3.7
28,17,4.7
28,43,4.2
28,18,4.1
28,35,3.8
28,24,4.6
28,8,4.0
28,42,3.9
28,47,4.2
28,52,4.8
28,62,4.2
28,99,4.7
28,41,5.0
28,53,4.0
29,48,3.6
29,42,4.6
29,51,4.2
29,32,3.7
29,34,3.8
29,18,4.0
29,47,4.8
29,41,4.6
29,19,3.7
29,30,3.5
29,43,3.7
29,22,4.7
29,35,4.7
29,28,4.8
29,38,3.5
29,23,4.7
29,24,3.7
29,11,4.3
29,37,4.7
29,45,4.9
29,12,4.5
29,8,3.1
30,57,4.6
30,14,5.0
30,35,3.6
30,41,4.4
30,30,4.3
30,28,3.6
30,34,4.1
30,12,3.8
30,17,3.4
30,33,3.4
30,31,4.0
30,20,4.2
30,8,4.4
30,19,3.8
30,46,3.6
30,21,4.1
30,44,3.9
30,18,4.1
30,22,4.3
30,48,4.8
30,24,3.8
31,36,3.7
31,35,4.2
31,32,3.8
31,12,4.4
31,30,3.7
31,38,4.6
31,33,4.7
31,44,4.7
31,47,4.9
31,29,4.1
31,51,4.2
31,17,3.4
31,49,4.1
31,14,3.7
31,42,4.9
31,52,4.8
31,8,4.6
31,28,3.8
31,34,4.2
31,19,4.6
31,37,3.6
32,49,4.9
32,38,4.8
32,21,3.3
32,41,4.1
32,45,4.2
32,46,4.5
32,20,4.1
32,42,4.9
32,18,4.1
32,43,3.9
32,12,4.7
32,14,4.6
32,22,3.6
32,47,3.9
32,19,4.5
32,33,5.0
32,11,4.0
32,17,4.3
32,51,4.1
32,31,4.6
32,52,4.6
33,34,4.9
33,32,4.0
33,71,4.9
33,11,4.0
33,17,4.3
33,12,3.6
33,41,4.8
33,30,4.5
33,26,4.9
33,44,4.5
33,22,3.7
33,47,4.9
33,36,4.6
33,49,4.5
33,51,4.3
33,28,3.7
33,33,4.9
33,38,5.0
33,45,4.8
33,23,4.6
33,14,4.4
33,42,4.6
33,8,4.5
33,18,4.2
33,20,4.1
34,43,4.8
34,20,3.5
34,48,4.2
34,47,4.9
34,26,3.5
34,49,4.8
34,8,3.1
34,23,4.2
34,19,3.7
34,34,3.7
34,17,3.4
34,18,3.4
34,33,4.0
34,24,4.8
34,21,4.7
34,28,3.6
34,11,3.4
34,44,4.0
34,45,4.4
34,46,4.5
34,38,3.8
34,32,4.1
34,41,4.5
35,34,3.7
35,49,3.7
35,48,3.9
35,42,3.9
35,33,3.5
35,19,3.9
35,35,4.2
35,47,4.2
35,24,4.0
35,22,3.8
35,38,4.5
35,20,3.5
35,37,3.8
35,29,4.4
35,36,4.2
35,8,4.5
35,14,4.5
35,32,3.7
35,6,3.5
35,23,4.7
35,52,4.9
35,43,4.2
35,21,4.3
35,12,3.6
36,23,4.1
36,49,4.0
36,11,4.7
36,14,4.8
36,52,4.8
36,22,3.7
36,47,3.8
36,37,3.8
36,18,3.5
36,17,3.9
36,12,4.1
36,28,4.7
36,43,3.7
36,32,5.0
36,29,3.9
36,41,4.0
36,48,3.7
36,45,4.7
36,42,3.6
37,88,4.9
37,46,3.5
37,54,4.2
37,18,4.0
37,48,3.8
37,17,4.5
37,19,3.5
37,42,4.8
37,50,3.7
37,32,4.3
37,33,4.4
37,45,4.1
37,8,3.2
37,12,4.2
37,41,4.2
37,38,4.1
37,49,4.8
37,35,4.4
37,30,3.9
37,104,4.4
37,43,4.3
37,37,4.4
37,23,4.0
37,52,4.1
37,21,4.5
38,11,4.1
38,38,4.1
38,51,3.9
38,44,4.1
38,23,4.4
38,8,3.4
38,36,4.0
38,19,4.0
38,20,4.7
38,37,3.9
38,32,4.4
38,14,3.5
38,58,4.3
38,35,4.5
38,34,4.2
38,43,4.7
38,47,4.9
38,52,4.5
38,46,4.1
38,30,3.6
38,12,3.4
38,29,3.8
38,45,4.8
38,33,3.7
39,38,3.9
39,46,4.0
39,24,4.8
39,33,4.0
39,48,4.9
39,35,4.9
39,52,4.2
39,41,4.9
39,26,4.2
39,51,4.7
39,30,4.4
39,64,4.9
39,29,3.5
39,11,3.2
39,19,4.9
39,18,3.8
39,45,4.8
39,12,4.2
39,28,4.5
39,23,4.2
39,14,3.8
39,8,4.6
39,43,4.2
39,75,4.1
39,32,4.6
39,42,5.0
39,34,4.9
40,8,4.8
40,21,3.5
40,24,3.9
40,22,4.7
40,29,3.6
40,34,4.4
40,49,4.3
40,36,3.8
40,46,4.7
40,20,3.6
40,45,3.7
40,18,4.5
40,11,3.8
40,32,4.3
40,41,4.7
40,28,3.6
40,33,3.5
40,35,4.0
40,17,5.0
40,23,4.8
40,47,4.4
40,48,4.6
40,38,3.8
40,37,4.0
41,8,4.5
41,28,4.3
41,11,4.9
41,32,3.8
41,36,3.8
41,19,4.8
41,14,4.9
41,41,4.1
41,47,5.0
41,20,4.8
41,21,4.5
41,37,4.6
41,18,4.7
41,29,4.1
41,17,3.5
41,46,4.6
41,30,3.7
41,71,4.5
41,22,4.7
41,51,4.0
41,49,4.8
41,45,4.0
42,38,3.9
42,22,3.9
42,47,4.8
42,32,4.3
42,12,3.7
42,26,4.4
42,21,4.7
42,34,3.7
42,35,3.4
42,20,3.6
42,52,4.1
42,28,4.8
42,49,3.7
42,24,3.6
42,29,4.5
42,45,3.9
42,44,4.3
42,37,3.8
42,41,3.9
42,90,4.5
43,22,3.9
43,29,4.3
43,28,3.9
43,41,4.2
43,53,4.4
43,33,3.5
43,17,3.3
43,11,3.3
43,42,4.7
43,36,3.8
43,38,4.1
43,18,4.0
43,12,3.3
43,43,4.3
43,21,3.5
43,49,5.0
43,37,4.7
43,19,3.5
43,45,4.9
43,48,4.0
43,44,4.8
43,8,3.8
43,52,3.7
43,30,4.6
43,51,4.6
43,35,4.8
44,21,3.6
44,44,4.1
44,20,4.4
44,41,4.9
44,47,4.8
44,60,4.4
44,24,4.2
44,32,3.9
44,43,4.5
44,42,4.0
44,48,4.0
44,49,3.9
44,19,4.4
44,30,4.7
44,12,3.5
44,34,4.5
44,18,4.9
44,35,4.7
44,54,3.9
44,37,3.7
44,51,4.3
44,23,4.3
44,17,3.4
44,38,3.6
44,36,3.6
44,14,4.9
45,90,4.2
45,51,4.6
45,104,4.7
45,36,3.6
45,19,4.8
45,18,4.1
45,41,3.8
45,45,4.3
45,37,5.0
45,49,4.8
45,26,4.0
45,43,3.8
45,8,4.3
45,20,4.6
45,30,3.5
45,35,3.6
45,52,4.0
45,12,3.7
45,24,4.4
45,21,3.6
45,34,3.5
45,23,3.8
45,42,4.0
45,48,5.0
45,47,3.8
45,46,3.6
45,38,4.1
46,93,4.6
46,14,3.9
46,36,5.0
46,28,4.3
46,43,4.1
46,47,4.3
46,44,4.1
46,26,4.3
46,21,4.2
46,41,4.1
46,51,3.9
46,32,5.0
46,11,4.6
46,35,4.0
46,33,4.9
46,17,4.7
46,18,3.4
46,34,3.9
46,46,4.7
46,30,4.1
46,19,4.9
47,14,4.1
47,46,4.6
47,32,4.6
47,33,5.0
47,51,4.1
47,17,4.8
47,36,3.6
47,54,4.7
47,49,4.6
47,8,3.1
47,28,3.8
47,38,3.7
47,22,4.1
47,48,4.6
47,37,4.0
47,45,3.8
47,18,4.6
47,42,3.7
47,19,4.1
47,52,4.2
47,91,4.5
48,18,4.5
48,52,4.2
48,63,3.9
48,11,3.8
48,87,5.0
48,47,4.4
48,19,4.2
48,90,4.3
48,26,3.6
48,34,3.7
48,8,3.8
48,22,4.8
48,28,4.8
48,33,3.9
48,31,3.7
48,20,4.5
48,35,3.7
48,12,3.5
48,32,4.2
48,46,4.6
48,43,3.8
48,45,3.7
48,55,4.1
48,14,5.0
48,30,3.9
48,36,3.5
48,17,4.9
49,49,3.9
49,38,3.6
49,23,3.8
49,28,3.5
49,12,4.5
49,32,4.0
49,22,4.8
49,36,3.8
49,43,5.0
49,14,4.2
49,42,4.6
49,35,4.0
49,41,4.1
49,46,4.0
49,51,4.3
49,17,4.9
49,30,4.0
49,34,3.6
49,24,3.9
49,37,4.4
49,19,4.9
49,18,3.5
49,48,4.5
50,26,4.5
50,49,4.9
50,46,4.4
50,36,5.0
50,47,4.1
50,22,4.0
50,19,3.8
50,44,4.5
50,21,4.7
50,23,4.5
50,42,3.7
50,30,3.4
50,38,4.7
50,37,4.8
50,32,4.8
50,41,4.1
50,11,3.3
50,18,3.7
50,12,3.8
50,17,3.7
50,24,4.6
50,51,4.0
50,20,3.7
50,33,3.5
50,28,3.8
51,8,3.1
51,43,3.6
51,52,4.5
51,12,4.9
51,21,3.5
51,45,4.9
51,34,3.4
51,17,3.7
51,63,4.2
51,37,4.4
51,30,4.7
51,23,3.8
51,14,3.8
51,46,4.6
51,24,4.0
51,48,4.9
51,18,4.0
51,35,3.8
51,29,4.0
51,22,4.4
52,47,4.6
52,30,3.4
52,43,4.7
52,29,3.7
52,22,4.8
52,48,4.7
52,8,3.2
52,52,4.3
52,17,3.9
52,19,4.1
52,21,4.7
52,12,3.9
52,51,5.0
52,32,4.8
52,33,5.0
52,23,4.1
52,24,4.2
52,11,4.7
52,46,3.9
52,20,4.0
52,42,4.1
52,25,4.1
52,38,4.5
53,34,4.4
53,51,4.5
53,41,4.3
53,43,4.4
53,22,4.8
53,29,4.7
53,44,3.9
53,49,4.9
53,18,4.5
53,52,4.7
53,42,4.7
53,33,3.9
53,20,4.3
53,21,4.0
53,48,3.6
53,8,4.9
53,57,3.9
53,24,4.4
53,12,3.7
53,37,5.0
53,30,3.6
53,32,3.7
54,51,4.3
54,30,4.4
54,38,3.8
54,37,4.0
54,43,3.7
54,12,3.6
54,24,4.1
54,42,3.9
54,46,3.9
54,21,4.7
54,8,4.2
54,52,3.8
54,33,4.4
54,44,3.7
54,17,4.0
54,49,5.0
54,20,3.9
54,32,3.7
54,35,3.7
54,19,3.9
54,11,4.6
54,34,4.5
54,36,4.7
54,28,3.6
54,14,4.8
55,19,4.4
55,42,4.8
55,24,4.4
55,41,3.6
55,22,3.5
55,47,4.6
55,28,3.5
55,45,4.3
55,46,4.1
55,48,4.2
55,32,4.5
55,30,4.5
55,23,4.0
55,43,4.5
55,44,4.0
55,33,3.5
55,18,3.9
55,35,3.8
55,51,3.9
55,14,3.8
55,34,4.3
55,38,4.8
55,52,4.6
55,11,3.6
55,8,3.7
56,41,3.8
56,49,4.4
56,48,3.7
56,46,4.4
56,44,3.8
56,35,4.9
56,43,3.5
56,21,3.5
56,34,4.0
56,95,4.9
56,78,4.4
56,37,3.6
56,20,4.9
56,17,3.4
56,52,3.8
56,38,4.3
56,30,3.6
56,8,3.2
56,28,4.2
56,26,4.8
57,79,4.0
57,48,4.3
57,22,4.3
57,23,3.3
57,11,4.1
57,46,4.8
57,21,4.0
57,42,4.7
57,24,4.8
57,19,3.3
57,12,3.4
57,36,4.3
57,38,3.9
57,20,4.7
57,44,4.9
57,26,4.1
57,43,3.7
57,8,3.0
57,34,3.4
57,17,3.7
57,37,4.6
57,33,4.2
57,45,4.1
57,29,4.1
57,30,4.3
57,51,4.4
57,28,4.1
58,17,4.7
58,35,3.6
58,18,3.8
58,38,4.7
58,45,4.5
58,33,4.2
58,30,4.4
58,47,4.8
58,51,4.8
58,36,4.9
58,49,4.6
58,24,4.4
58,34,4.2
58,32,4.9
58,43,4.2
58,28,3.9
58,23,3.6
58,11,3.6
58,26,3.9
58,52,3.8
58,46,3.7
59,33,3.8
59,18,4.4
59,35,4.0
59,37,3.7
59,8,4.5
59,26,5.0
59,49,4.6
59,42,4.5
59,52,4.2
59,30,4.5
59,19,3.5
59,32,3.8
59,41,4.8
59,21,3.4
59,16,4.1
59,20,4.4
59,28,4.7
59,44,3.7
59,36,4.7
59,38,3.8
59,12,3.4
59,17,4.6
60,11,3.6
60,14,3.8
60,29,3.8
60,38,5.0
60,44,5.0
60,46,4.3
60,12,3.7
60,23,3.3
60,20,4.7
60,34,4.4
60,41,4.7
60,35,4.6
60,19,4.6
60,30,4.3
60,47,3.8
60,42,4.9
60,22,4.1
60,45,4.5
60,37,3.7
60,18,3.9
61,8,5.0
61,35,3.9
61,36,4.4
61,20,5.0
61,33,4.0
61,47,4.7
61,46,3.8
61,14,3.6
61,32,4.2
61,42,4.1
61,24,4.5
61,17,4.0
61,11,3.7
61,52,3.9
61,41,3.9
61,21,4.4
61,12,4.4
61,22,4.8
61,34,4.9
61,44,4.1
61,29,3.8
61,30,4.4
61,23,4.9
61,37,4.7
61,28,4.1
61,49,4.7
61,38,4.5
62,11,4.4
62,14,3.5
62,47,3.6
62,41,3.7
62,48,3.9
62,36,4.6
62,34,4.9
62,21,3.4
62,32,4.4
62,35,3.8
62,38,4.6
62,52,3.9
62,49,4.1
62,12,3.2
62,54,3.9
62,19,4.9
62,8,4.6
62,43,3.9
62,17,3.7
62,23,4.1
63,22,3.8
63,42,4.1
63,33,4.1
63,36,4.5
63,47,4.7
63,8,4.9
63,49,3.6
63,43,4.4
63,30,3.5
63,52,4.3
63,38,3.6
63,41,4.3
63,48,4.1
63,20,4.3
63,11,3.4
63,24,4.0
63,12,4.5
63,28,4.3
63,18,3.9
63,14,4.2
63,17,4.4
63,95,4.4
64,35,4.5
64,44,3.6
64,52,4.6
64,19,3.7
64,45,4.3
64,51,3.8
64,33,4.5
64,17,4.8
64,8,4.6
64,47,3.5
64,28,4.5
64,46,4.8
64,23,3.4
64,21,4.4
64,48,4.6
64,12,4.9
64,38,4.1
64,18,4.4
64,49,3.8
64,37,4.4
64,30,4.2
65,73,4.3
65,26,3.8
65,22,4.6
65,29,5.0
65,14,3.3
65,23,4.5
65,11,3.7
65,51,4.3
65,21,4.0
65,12,3.4
65,46,3.7
65,43,4.8
65,52,4.3
65,57,4.9
65,63,4.2
65,49,3.7
65,45,5.0
65,20,5.0
65,17,4.7
65,58,4.3
65,28,4.1
65,47,4.2
65,8,4.4
65,36,4.7
66,49,4.8
66,37,3.9
66,55,4.2
66,52,4.5
66,17,3.6
66,28,3.6
66,36,3.9
66,14,4.2
66,22,4.9
66,34,4.3
66,8,4.6
66,63,4.4
66,42,4.8
66,19,3.6
66,18,4.2
66,32,3.9
66,11,4.0
66,21,3.4
66,12,4.0
66,29,4.1
66,24,4.7
66,45,3.6
66,30,4.0
66,26,3.9
66,38,3.7
66,43,4.8
66,35,4.9
67,43,4.2
67,21,5.0
67,24,4.7
67,45,3.5
67,69,4.0
67,14,4.9
67,47,4.2
67,20,5.0
67,23,3.4
67,34,3.6
67,44,4.4
67,12,3.4
67,50,4.4
67,33,3.7
67,41,4.8
67,29,4.5
67,18,3.5
67,46,4.5
67,28,4.1
67,19,4.8
67,35,4.3
67,52,4.5
67,22,4.8
68,61,4.1
68,95,4.3
68,20,4.3
68,29,4.6
68,34,4.3
68,24,4.4
68,28,4.3
68,47,4.4
68,42,3.8
68,35,4.1
68,52,4.4
68,37,4.2
68,14,3.8
68,48,4.4
68,51,4.4
68,104,4.3
68,21,3.9
68,32,5.0
68,22,3.7
68,33,3.6
69,35,4.6
69,47,4.0
69,19,4.5
69,33,4.0
69,44,4.0
69,18,4.3
69,36,4.8
69,23,3.9
69,62,4.5
69,51,4.2
69,38,3.9
69,28,4.2
69,12,4.1
69,42,4.9
69,17,3.8
69,37,4.0
69,22,3.4
69,52,4.5
69,29,4.9
69,14,4.7
69,76,4.1
69,32,4.1
70,52,4.3
70,49,4.5
70,12,4.4
70,43,4.7
70,21,4.9
70,35,4.6
70,44,4.5
70,20,4.8
70,38,4.1
70,30,4.2
70,34,4.4
70,51,4.9
70,28,4.1
70,17,3.8
70,36,4.2
70,26,4.4
70,32,4.9
70,41,4.7
70,14,4.1
70,31,4.3
70,45,4.4
70,19,4.7
70,42,3.6
70,11,3.8
71,8,4.8
71,47,4.7
71,22,4.4
71,21,4.4
71,24,4.0
71,23,4.6
71,28,3.6
71,51,4.0
71,45,4.4
71,37,4.5
71,30,4.8
71,42,4.9
71,48,3.8
71,49,4.7
71,11,4.8
71,41,3.9
72,24,4.5
72,42,4.5
72,52,4.5
72,31,4.3
72,30,3.6
72,46,4.7
72,38,3.9
72,26,3.6
72,48,3.9
72,12,3.6
72,18,3.5
72,37,4.4
72,21,4.2
72,19,3.8
72,43,4.0
72,44,4.3
72,51,4.4
72,34,4.2
72,35,4.1
72,22,4.1
72,47,4.9
72,36,3.9
72,45,4.9
72,11,5.0
72,28,4.1
72,17,3.8
73,62,4.1
73,12,3.9
73,38,4.1
73,21,4.7
73,28,4.9
73,48,4.8
73,49,4.0
73,19,4.1
73,52,4.0
73,47,4.8
73,42,4.2
73,35,4.6
73,44,3.7
73,29,4.6
73,43,3.6
73,37,3.5
73,32,3.9
73,17,3.3
73,41,3.8
73,11,4.1
73,33,3.8
73,18,4.0
73,36,3.7
73,20,4.0
74,12,4.4
74,45,5.0
74,35,4.8
74,43,4.6
74,51,4.6
74,42,4.3
74,36,3.6
74,22,3.5
74,14,4.4
74,46,4.6
74,47,4.0
74,11,4.5
74,49,4.6
74,26,4.9
74,20,4.5
74,48,3.5
74,28,3.7
74,66,4.6
74,33,3.9
74,41,4.7
74,44,3.7
74,29,3.5
74,8,4.0
74,62,4.4
75,26,3.5
75,34,4.5
75,28,3.8
75,41,3.7
75,8,4.0
75,33,4.0
75,47,3.8
75,48,3.7
75,43,4.9
75,12,4.5
75,93,4.2
75,21,3.7
75,46,4.9
75,35,4.0
75,30,3.8
75,20,3.7
75,18,4.2
75,52,4.2
75,24,4.7
75,17,4.8
75,32,4.7
76,18,4.0
76,8,4.8
76,11,3.2
76,30,4.5
76,23,4.3
76,35,4.1
76,24,3.4
76,28,4.2
76,47,4.6
76,14,4.5
76,17,3.7
76,43,4.8
76,49,4.5
76,22,3.5
76,26,4.9
76,45,3.9
76,41,3.8
76,52,4.8
76,48,4.8
76,61,4.9
76,106,4.2
76,33,4.6
76,51,4.1
77,42,4.0
77,12,4.0
77,38,4.4
77,47,4.0
77,19,4.5
77,34,4.2
77,20,4.1
77,52,3.7
77,32,4.2
77,37,3.9
77,2,1.8
77,18,3.6
77,24,5.0
77,14,4.8
77,22,3.5
77,49,4.3
78,32,4.8
78,18,4.3
78,12,3.7
78,20,4.5
78,11,3.7
78,33,3.5
78,52,4.1
78,26,4.8
78,44,3.7
78,30,4.5
78,49,4.2
78,48,4.0
78,45,4.7
78,47,3.7
78,38,3.8
78,35,4.9
78,28,3.4
78,21,4.8
78,14,4.3
78,51,3.8
78,37,4.4
78,41,4.6
78,24,5.0
79,23,4.4
79,12,4.4
79,51,4.4
79,48,4.7
79,43,3.8
79,46,4.7
79,30,3.6
79,52,4.8
79,20,4.9
79,49,4.3
79,44,4.7
79,37,4.5
79,17,3.4
79,7,3.2
79,11,3.3
79,19,4.3
79,14,4.0
79,34,4.1
79,8,5.0
79,47,4.2
79,28,4.1
79,63,4.4
80,30,4.7
80,38,4.5
80,41,4.9
80,34,4.7
80,45,4.9
80,21,4.9
80,28,4.1
80,61,4.4
80,8,4.2
80,33,4.3
80,48,4.1
80,35,4.3
80,11,3.5
80,43,4.3
80,42,4.6
80,12,4.3
80,23,4.4
80,22,5.0
80,65,5.0
80,49,4.2
80,37,4.8
80,17,4.6
80,14,4.2
80,24,4.6
81,28,4.6
81,19,4.5
81,18,3.7
81,30,4.4
81,11,4.4
81,48,4.8
81,37,4.1
81,51,4.3
81,35,4.9
81,41,3.7
81,17,4.4
81,22,4.0
81,57,4.2
81,38,4.4
81,29,4.7
81,8,3.1
81,14,3.6
81,34,4.5
81,43,3.6
81,49,4.9
81,21,3.6
81,20,4.2
81,44,3.8
81,46,3.9
81,45,4.2
81,36,3.9
81,12,3.3
82,46,4.9
82,43,4.8
82,18,3.4
82,41,4.0
82,44,4.9
82,23,4.7
82,28,4.5
82,36,4.9
82,19,4.3
82,38,3.9
82,14,4.5
82,51,3.9
82,26,4.1
82,29,4.8
82,35,3.7
82,22,4.5
82,32,3.9
82,63,4.3
82,8,4.0
82,24,4.8
82,45,4.1
82,17,3.4
82,16,4.4
82,30,3.9
82,21,3.3
82,48,3.5
82,20,4.5
82,33,3.6
83,44,4.2
83,29,4.2
83,8,4.0
83,24,4.5
83,11,3.7
83,34,4.5
83,45,3.6
83,52,4.5
83,51,3.9
83,48,4.3
83,14,4.0
83,21,3.9
83,42,3.5
83,59,4.7
83,46,4.0
83,38,4.5
83,49,4.4
83,32,3.4
83,54,4.7
83,37,4.1
83,12,4.0
83,23,3.4
83,22,4.2
83,41,4.2
83,36,4.6
83,20,4.5
84,41,4.4
84,23,3.4
84,42,3.7
84,35,3.9
84,19,4.6
84,46,3.9
84,44,3.6
84,34,4.9
84,24,4.1
84,61,4.2
84,8,3.8
84,43,4.1
84,48,4.4
84,33,4.6
84,18,4.9
84,28,3.7
84,11,4.9
84,30,4.4
84,21,4.2
85,35,4.9
85,24,4.6
85,60,4.3
85,19,4.1
85,12,4.7
85,46,4.4
85,41,4.6
85,47,4.1
85,48,4.5
85,32,4.5
85,42,3.8
85,26,4.3
85,38,4.1
85,36,4.7
85,34,3.6
85,45,4.7
85,51,4.1
85,58,4.8
85,28,4.8
85,14,3.9
85,52,4.2
85,44,3.8
85,22,4.2
85,30,4.8
86,36,4.4
86,47,4.6
86,12,4.1
86,24,4.9
86,14,3.4
86,35,3.8
86,23,4.0
86,52,4.8
86,51,3.9
86,42,4.4
86,44,4.5
86,18,3.4
86,48,4.0
86,17,4.4
86,28,4.8
86,19,3.4
86,43,4.8
86,33,4.9
86,37,4.9
86,41,4.5
86,46,3.9
86,21,3.9
87,22,3.3
87,55,4.8
87,20,3.7
87,23,5.0
87,30,3.6
87,13,3.7
87,19,3.5
87,24,3.5
87,12,4.9
87,47,3.8
87,34,4.3
87,59,4.1
87,49,4.6
87,21,4.8
87,35,4.3
87,32,4.2
87,33,4.1
87,38,4.2
87,28,4.3
87,48,4.3
87,8,3.8
87,14,3.4
87,37,4.5
88,12,3.2
88,104,4.7
88,46,3.6
88,45,4.5
88,47,4.7
88,36,4.0
88,42,4.6
88,30,3.5
88,20,4.7
88,28,3.5
88,23,4.4
88,21,4.3
88,35,3.7
88,19,3.8
88,8,3.3
88,17,4.3
88,44,4.4
88,18,4.3
88,54,4.3
88,24,4.9
88,11,3.9
88,32,4.5
88,43,4.8
88,22,4.5
88,33,4.7
88,34,3.5
88,52,4.0
89,24,4.1
89,38,3.5
89,19,3.6
89,45,3.7
89,11,4.1
89,51,4.0
89,35,4.1
89,14,3.5
89,32,3.5
89,20,3.5
89,8,3.5
89,41,4.3
89,33,4.1
89,18,4.3
89,47,3.9
89,22,4.3
89,28,3.8
89,26,5.0
89,31,4.7
89,17,4.5
90,29,4.9
90,35,4.0
90,26,4.6
90,102,4.6
90,36,3.7
90,11,3.1
90,8,4.4
90,71,4.7
90,30,4.9
90,12,4.9
90,51,4.9
90,52,4.1
90,47,4.7
90,18,4.9
90,48,4.9
90,41,4.8
90,42,3.8
90,17,4.3
90,33,3.7
90,38,4.6
91,18,4.5
91,37,4.8
91,42,4.7
91,21,3.7
91,46,4.3
91,8,4.8
91,35,3.8
91,29,3.6
91,51,4.9
91,30,3.5
91,47,4.4
91,45,3.9
91,32,4.1
91,17,3.4
91,36,3.9
91,14,4.7
91,19,4.4
91,34,3.5
91,23,4.8
91,41,3.9
91,28,3.6
91,44,4.9
91,22,3.5
91,33,3.9
92,37,4.1
92,30,4.5
92,32,4.1
92,19,3.7
92,20,4.0
92,21,4.7
92,24,4.4
92,14,4.6
92,29,3.9
92,12,4.4
92,38,4.6
92,46,4.2
92,23,4.1
92,33,4.3
92,18,4.3
92,49,4.9
92,8,4.2
92,52,4.2
92,44,4.8
92,71,4.3
92,36,4.0
93,22,5.0
93,52,3.8
93,5,2.6
93,24,4.3
93,23,5.0
93,37,4.5
93,21,3.8
93,41,4.0
93,28,4.2
93,48,4.3
93,18,4.2
93,35,3.7
93,33,3.4
93,8,3.2
93,45,4.3
93,44,4.0
93,11,4.5
93,36,4.3
93,43,4.9
94,30,4.7
94,23,3.5
94,35,4.9
94,11,4.7
94,52,4.7
94,43,4.7
94,32,4.4
94,36,3.9
94,34,3.8
94,41,4.8
94,26,3.6
94,44,4.9
94,37,4.4
94,18,4.5
94,8,3.8
94,17,4.1
94,48,4.2
94,46,3.7
94,42,3.5
94,24,4.5
94,28,4.5
94,19,4.3
94,38,4.9
94,45,3.9
94,22,4.3
95,41,4.6
95,42,4.5
95,28,3.8
95,18,4.4
95,33,4.3
95,61,4.0
95,48,4.1
95,24,4.0
95,78,4.2
95,8,3.8
95,75,4.5
95,11,4.1
95,64,4.9
95,37,4.7
95,21,3.3
95,44,3.8
95,34,3.4
95,32,4.0
95,22,4.1
95,12,4.5
95,13,4.4
95,23,3.7
95,46,4.3
96,23,3.5
96,33,4.6
96,11,3.1
96,47,4.0
96,19,3.7
96,8,3.6
96,41,3.9
96,14,4.4
96,45,4.3
96,21,4.0
96,12,3.3
96,17,4.2
96,37,4.9
96,18,3.3
96,36,4.5
96,49,4.9
96,29,4.5
96,20,4.7
96,30,5.0
96,43,4.5
96,35,3.4
96,24,3.4
96,34,4.6
96,42,3.5
96,51,4.7
97,21,4.5
97,44,3.7
97,33,4.4
97,11,4.5
97,48,4.3
97,51,4.4
97,52,4.3
97,17,3.6
97,34,4.7
97,41,3.8
97,14,4.2
97,22,4.1
97,24,4.5
97,28,3.9
97,46,4.6
97,23,4.8
97,30,3.7
97,36,4.6
97,42,4.3
97,63,4.2
97,49,4.4
97,37,4.8
97,47,3.9
97,55,5.0
97,38,4.6
97,18,4.4
97,12,4.0
97,19,4.9
97,32,3.9
98,63,4.6
98,43,4.7
98,26,3.8
98,54,4.4
98,41,4.6
98,28,4.5
98,104,4.1
98,23,4.8
98,47,4.2
98,35,4.4
98,22,4.6
98,24,3.8
98,59,4.6
98,21,3.5
98,44,3.7
98,32,4.6
98,49,4.9
98,29,4.2
98,8,5.0
98,71,4.7
98,36,4.4
98,20,4.1
98,30,4.4
98,42,3.6
99,35,4.9
99,71,4.9
99,51,4.0
99,28,4.7
99,63,3.9
99,42,4.7
99,24,4.6
99,54,4.4
99,32,4.2
99,45,4.0
99,36,4.9
99,34,3.5
99,43,3.8
99,29,4.9
99,47,4.1
99,17,4.0
99,52,4.6
99,106,4.4
99,37,4.3
99,44,4.0
99,23,4.0
99,8,3.2
99,14,4.9
99,49,3.7
100,35,3.5
100,51,4.5
100,48,4.8
100,23,4.9
100,64,4.9
100,46,3.8
100,36,4.2
100,45,3.8
100,17,4.2
100,24,3.6
100,31,4.9
100,34,3.5
100,19,3.5
100,37,3.7
100,88,4.1
100,28,4.1
100,38,4.7
100,44,4.3
100,12,4.0
100,47,3.7
100,11,4.4
100,20,3.9
100,42,3.7
100,21,3.4
100,14,3.5
100,52,4.3
100,30,4.4
101,22,3.8
101,28,3.6
101,52,4.9
101,49,4.3
101,29,4.6
101,23,3.7
101,45,3.8
101,17,4.7
101,30,4.0
101,37,3.6
101,14,4.0
101,8,3.0
101,43,5.0
101,32,3.6
101,46,3.8
101,42,4.0
101,18,3.6
101,20,4.9
101,51,4.7
102,46,4.1
102,34,4.8
102,24,3.7
102,22,3.8
102,29,4.6
102,49,4.4
102,12,4.6
102,53,3.9
102,48,4.0
102,19,3.8
102,44,4.7
102,38,4.8
102,28,3.6
102,92,4.4
102,18,4.8
102,33,4.9
102,32,4.7
102,11,3.5
102,21,3.5
102,23,4.4
102,30,4.6
102,45,4.8
102,55,3.9
103,8,3.6
103,17,3.8
103,48,3.9
103,30,4.1
103,47,4.2
103,38,4.4
103,21,3.7
103,45,4.6
103,43,3.5
103,37,4.7
103,42,3.6
103,28,4.2
103,52,4.3
103,35,3.6
103,14,3.6
103,36,4.8
103,33,4.8
103,34,3.6
103,18,4.6
104,38,3.8
104,20,4.7
104,49,4.6
104,51,3.8
104,37,4.8
104,32,4.2
104,42,4.0
104,52,4.1
104,18,3.7
104,8,4.0
104,34,4.5
104,24,4.8
104,47,3.5
104,28,4.1
104,26,4.6
104,30,3.5
104,7,3.0
104,36,4.1
104,44,4.5
104,12,3.7
104,46,4.9
104,17,4.7
105,41,4.1
105,30,4.0
105,14,4.8
105,24,3.5
105,17,4.3
105,8,4.3
105,37,4.8
105,38,4.4
105,11,3.8
105,42,4.7
105,43,3.6
105,31,4.5
105,47,4.9
105,36,3.7
105,18,3.4
105,52,4.5
105,23,4.8
105,46,3.8
105,20,3.3
105,64,4.7
105,49,4.7
106,22,4.6
106,36,3.7
106,30,3.5
106,52,4.6
106,20,4.4
106,21,4.1
106,14,3.8
106,49,4.3
106,28,3.9
106,46,4.3
106,43,5.0
106,47,4.5
106,45,3.9
106,97,4.9
106,34,4.5
106,11,4.2
106,24,4.4
106,48,4.4
106,55,3.9
106,17,4.8
106,8,3.5
106,35,4.1
106,42,4.0
107,20,4.4
107,29,4.2
107,52,4.4
107,19,4.5
107,12,3.6
107,49,3.8
107,22,4.1
107,45,4.6
107,27,3.7
107,24,4.4
107,17,4.4
107,35,3.7
107,8,3.9
107,21,3.6
107,32,4.8
107,83,4.4
107,43,3.6
107,23,4.6
107,14,4.2
107,36,4.3
107,18,4.9
107,47,3.7
107,37,4.7
107,70,4.6
107,11,3.5
108,20,4.8
108,35,4.1
108,18,4.3
108,34,4.9
108,28,4.8
108,42,4.5
108,36,3.8
108,11,4.5
108,38,4.0
108,43,4.6
108,41,4.3
108,12,4.3
108,46,4.3
108,23,4.9
108,45,3.6
108,17,3.3
108,30,3.4
108,21,3.4
108,37,4.5
108,48,4.1
108,51,4.5
108,24,4.7
108,32,4.4
109,42,3.6
109,49,4.2
109,19,3.8
109,22,3.9
109,30,3.8
109,37,4.0
109,33,3.8
109,34,4.5
109,28,3.9
109,9,3.2
109,77,4.9
109,48,4.1
109,47,3.6
109,46,4.6
109,17,3.6
109,63,4.8
109,24,4.5
109,38,4.2
109,14,3.5
109,23,4.6
109,43,4.2
109,18,3.8
109,32,4.1
110,52,4.2
110,11,4.3
110,36,4.4
110,46,4.4
110,48,4.1
110,28,4.4
110,34,4.3
110,37,4.5
110,35,4.5
110,43,4.7
110,22,4.8
110,23,3.8
110,33,4.3
110,41,4.1
110,49,3.8
110,19,3.4
110,32,4.6
110,21,4.4
110,20,4.9
110,12,4.5
110,44,4.4
110,17,4.5
110,45,3.5
110,51,4.3
110,8,3.4
111,21,4.6
111,19,3.5
111,38,3.8
111,30,3.7
111,49,4.2
111,22,3.9
111,51,4.3
111,8,4.7
111,35,3.9
111,18,4.2
111,48,4.8
111,44,4.1
111,32,4.6
111,33,4.0
111,52,4.7
111,14,4.9
111,45,4.4
111,37,3.5
111,36,4.1
112,24,3.7
112,11,4.9
112,22,4.7
112,54,4.7
112,42,4.7
112,43,3.5
112,32,4.3
112,8,4.3
112,19,3.9
112,17,4.8
112,37,4.1
112,20,4.4
112,49,3.8
112,31,3.5
112,52,3.7
112,46,5.0
112,38,3.8
112,35,4.3
112,29,4.3
113,44,3.7
113,32,4.1
113,63,4.9
113,28,3.7
113,43,3.8
113,41,4.2
113,20,3.3
113,23,4.3
113,33,4.4
113,34,4.8
113,49,3.7
113,47,4.8
113,48,3.7
113,42,3.6
113,45,4.9
113,26,4.2
113,19,4.0
113,21,4.4
113,46,3.9
113,8,4.9
113,51,4.5
113,14,4.6
113,37,4.3
113,38,4.1
114,17,3.7
114,45,3.8
114,35,4.1
114,11,4.9
114,42,3.8
114,34,3.7
114,38,4.9
114,52,4.0
114,47,3.9
114,36,3.7
114,46,4.7
114,68,4.0
114,51,4.3
114,28,3.7
114,14,3.6
114,37,4.7
114,21,5.0
114,41,4.7
114,44,3.9
114,48,4.6
114,19,4.4
114,8,3.4
114,43,4.0
115,35,4.9
115,36,4.4
115,22,3.5
115,8,4.2
115,28,4.0
115,18,3.9
115,49,3.8
115,37,4.1
115,14,4.3
115,52,4.4
115,17,4.4
115,32,4.1
115,11,4.9
115,43,4.6
115,42,5.0
115,19,4.7
115,34,4.6
115,24,4.0
116,34,4.2
116,20,4.0
116,41,3.8
116,30,3.7
116,23,4.9
116,43,3.9
116,24,4.3
116,19,4.5
116,8,3.4
116,42,4.0
116,44,4.8
116,38,4.8
116,28,3.5
116,37,4.9
116,33,3.4
116,18,4.3
116,17,3.7
116,31,3.8
116,52,4.2
116,46,4.5
116,35,4.2
116,48,4.1
117,41,4.3
117,37,4.8
117,34,3.5
117,28,4.0
117,33,3.6
117,43,3.6
117,30,4.6
117,46,4.8
117,22,4.6
117,44,4.8
117,45,3.6
117,24,4.1
117,19,3.8
117,18,3.6
117,8,3.3
117,49,4.6
117,51,4.1
117,48,4.8
117,21,4.9
118,12,3.8
118,51,4.9
118,37,4.3
118,19,3.3
118,23,4.1
118,54,3.9
118,38,3.5
118,52,3.8
118,35,3.9
118,18,4.2
118,33,4.9
118,28,4.4
118,48,4.5
118,47,4.4
118,41,4.8
118,21,4.1
118,36,4.7
118,44,5.0
118,32,3.4
119,19,4.9
119,44,4.2
119,28,4.8
119,43,3.6
119,51,3.9
119,38,3.7
119,12,4.3
119,23,3.9
119,35,3.6
119,48,4.0
119,37,4.7
119,24,4.1
119,30,3.5
119,36,4.9
119,11,3.9
119,21,5.0
119,47,4.6
119,22,3.9
119,33,4.7
119,32,3.4
119,20,4.8
119,34,4.6
119,49,4.1
119,52,5.0
120,64,4.4
120,24,4.3
120,36,4.3
120,32,3.7
120,11,4.6
120,21,3.9
120,22,4.6
120,34,4.0
120,19,3.7
120,46,4.6
120,67,4.5
120,17,4.0
120,8,5.0
120,41,4.5
120,28,4.4
120,47,4.0
120,52,4.1
120,42,3.7
120,12,4.2
120,14,4.6
120,18,4.6
120,23,4.2
121,38,4.9
121,32,4.9
121,28,4.2
121,5,3.0
121,12,3.6
121,35,4.0
121,49,4.3
121,24,4.7
121,44,4.5
121,36,4.0
121,26,4.2
121,60,4.4
121,17,3.8
121,14,4.3
121,11,4.2
121,34,4.8
121,20,3.6
121,52,3.9
121,47,4.4
121,33,4.3
121,48,3.9
121,23,3.6
122,45,4.2
122,23,4.8
122,19,4.3
122,30,5.0
122,41,4.3
122,42,3.7
122,14,4.7
122,52,3.7
122,21,4.2
122,35,4.8
122,29,4.5
122,51,4.3
122,47,4.0
122,37,4.0
122,33,4.5
122,36,4.1
122,32,3.6
122,20,4.1
122,48,4.7
122,8,3.3
122,28,4.2
123,52,4.4
123,5,4.2
123,30,3.4
123,51,4.2
123,24,3.8
123,14,3.8
123,83,4.7
123,32,3.4
123,12,4.7
123,21,4.1
123,37,5.0
123,45,4.5
123,41,4.1
123,43,4.8
123,35,3.9
123,48,4.6
123,62,4.4
123,36,4.2
124,22,3.5
124,26,4.3
124,52,4.0
124,42,3.7
124,38,3.7
124,8,3.1
124,35,4.6
124,29,4.7
124,21,4.4
124,18,4.7
124,48,4.2
124,41,4.6
124,45,4.4
124,34,3.9
124,33,3.9
124,17,3.9
124,43,4.8
124,47,4.3
124,49,4.2
124,32,4.5
124,23,4.4
124,12,4.5
124,28,4.3
124,20,4.0
124,19,3.6
125,55,4.0
125,38,3.6
125,32,5.0
125,20,4.0
125,17,4.9
125,14,4.1
125,22,4.8
125,52,3.9
125,45,3.7
125,44,3.7
125,49,4.5
125,19,4.8
125,41,4.8
125,42,3.9
125,47,4.8
125,28,4.0
125,24,3.6
125,12,3.6
125,51,4.6
125,23,4.5
125,54,4.8
125,21,4.8
125,58,4.9
126,21,4.3
126,22,3.8
126,53,4.5
126,48,4.0
126,19,4.8
126,23,4.1
126,36,4.3
126,26,4.3
126,44,4.9
126,28,4.1
126,46,3.7
126,8,4.6
126,47,4.5
126,54,4.2
126,49,4.2
126,12,4.6
126,33,4.9
126,35,3.8
126,34,4.8
126,17,3.5
126,45,3.6
126,37,4.2
126,24,3.7
126,42,4.9
127,46,4.1
127,8,3.4
127,51,4.3
127,30,3.8
127,22,3.8
127,23,4.4
127,55,4.3
127,14,4.4
127,34,3.8
127,42,3.7
127,52,4.7
127,33,4.5
127,36,3.5
127,18,4.4
127,49,4.0
127,37,4.6
127,47,4.0
127,12,3.7
127,20,4.9
127,5,3.7
127,17,3.9
127,28,4.5
127,32,3.7
127,48,4.6
127,44,4.0
127,41,4.7
127,21,3.4
127,45,4.8
127,35,4.1
128,12,3.5
128,42,4.1
128,17,4.6
128,35,3.6
128,52,4.8
128,20,3.5
128,45,4.7
128,41,4.5
128,46,4.2
128,34,4.2
128,38,3.8
128,47,3.7
128,49,4.1
128,19,4.1
128,51,4.8
128,11,4.7
128,36,4.1
128,43,3.6
128,8,5.0
129,17,3.4
129,49,4.3
129,23,4.6
129,45,4.0
129,14,4.0
129,29,4.8
129,22,3.9
129,52,3.7
129,32,4.4
129,38,4.4
129,20,3.7
129,8,3.2
129,37,4.6
129,46,3.8
129,36,3.7
129,71,4.2
129,28,3.9
129,48,3.7
129,19,3.8
129,35,4.6
129,88,4.6
129,76,4.1
129,34,4.4
129,33,3.4
129,30,4.6
129,44,4.1
129,21,4.9
129,42,4.8
130,14,3.7
130,52,4.8
130,22,3.7
130,18,4.1
130,28,4.1
130,46,3.6
130,38,4.9
130,51,4.1
130,44,4.4
130,20,3.7
130,19,4.4
130,34,4.0
130,47,4.0
130,37,4.2
130,17,4.5
130,30,4.3
130,45,4.4
130,11,4.5
130,12,3.9
130,26,4.8
130,43,4.5
130,36,4.1
130,24,4.1
131,42,4.7
131,63,4.9
131,34,4.9
131,46,3.5
131,21,3.7
131,20,4.6
131,29,4.9
131,12,3.7
131,36,4.9
131,19,4.3
131,53,3.9
131,49,4.5
131,23,4.1
131,38,4.6
131,43,5.0
131,44,4.1
131,45,4.6
131,47,4.5
131,35,4.7
131,51,5.0
131,18,4.0
131,32,4.8
131,24,3.7
132,26,4.1
132,38,3.6
132,18,4.2
132,43,4.1
132,47,4.0
132,45,4.7
132,28,3.8
132,34,4.8
132,20,3.7
132,51,4.0
132,8,4.0
132,24,4.5
132,11,4.3
132,14,4.4
132,44,3.8
132,22,3.9
132,30,4.6
132,21,4.3
132,19,3.7
132,49,4.8
132,41,4.0
132,33,4.6
132,46,4.5
132,48,4.5
133,41,4.5
133,46,3.7
133,18,3.4
133,32,4.7
133,8,3.2
133,37,4.8
133,23,5.0
133,33,4.3
133,24,4.2
133,36,4.6
133,17,3.9
133,35,3.5
133,14,4.5
133,20,4.6
133,19,5.0
133,28,3.4
133,42,4.6
133,21,4.2
133,34,4.9
133,30,5.0
133,11,4.2
133,26,4.6
133,49,3.7
133,48,4.2
134,58,4.8
134,18,4.1
134,8,3.8
134,19,3.9
134,24,3.9
134,22,4.9
134,20,3.9
134,23,4.6
134,12,4.3
134,43,4.8
134,21,4.3
134,38,3.9
134,32,4.2
134,35,4.1
134,14,5.0
134,52,4.0
134,34,4.4
134,46,4.3
134,33,3.7
134,59,3.9
135,38,4.6
135,49,4.5
135,29,4.7
135,47,4.3
135,18,4.0
135,20,3.5
135,8,3.4
135,14,3.9
135,52,3.9
135,23,3.4
135,5,4.2
135,46,4.8
135,42,4.1
135,62,4.7
135,48,4.4
135,11,4.3
135,19,3.8
135,41,4.7
135,21,4.2
135,12,4.0
135,34,4.9
135,24,3.6
135,36,3.6
136,20,3.8
136,21,3.8
136,19,3.5
136,18,3.6
136,14,3.6
136,26,3.5
136,34,4.7
136,35,4.7
136,45,3.9
136,49,4.9
136,37,3.6
136,24,4.5
136,33,4.5
136,44,4.4
136,11,4.6
136,32,3.4
136,51,3.9
136,36,4.4
136,46,4.3
136,43,3.9
136,23,5.0
136,41,4.5
136,42,3.8
137,35,4.3
137,34,4.4
137,41,4.1
137,23,4.7
137,71,4.6
137,18,3.6
137,11,4.1
137,14,4.8
137,19,3.9
137,45,3.5
137,52,3.8
137,51,4.6
137,33,4.6
137,20,3.6
137,28,4.2
137,12,4.5
137,38,3.6
137,46,4.4
137,42,4.3
137,32,4.9
137,17,4.8
137,29,3.9
137,44,4.0
137,8,3.1
137,24,4.5
138,42,4.9
138,17,4.9
138,51,4.6
138,21,3.9
138,32,4.5
138,38,4.8
138,18,4.8
138,52,3.9
138,12,3.5
138,34,4.3
138,43,4.4
138,37,4.9
138,10,3.9
138,47,4.2
138,29,4.9
138,19,4.2
138,24,4.7
138,26,4.7
138,46,4.5
138,11,3.2
138,28,4.8
138,23,3.8
138,30,3.9
138,35,4.5
138,49,4.0
138,33,4.6
139,14,4.5
139,45,4.1
139,36,4.0
139,29,4.0
139,17,4.9
139,34,3.7
139,37,4.3
139,19,4.0
139,8,3.5
139,18,3.3
139,44,4.8
139,41,3.8
139,28,4.0
139,43,4.2
139,38,3.6
139,30,3.7
139,35,4.6
139,32,4.6
139,42,4.6
139,51,4.8
139,21,4.1
139,31,4.2
139,22,3.9
140,51,3.7
140,18,4.2
140,14,4.9
140,20,3.7
140,36,4.2
140,8,4.5
140,47,4.5
140,38,4.9
140,21,4.9
140,37,4.6
140,29,4.6
140,23,4.5
140,24,3.6
140,11,4.7
140,52,4.3
140,35,3.8
140,22,4.0
140,43,4.0
140,34,4.8
140,12,4.0
141,38,4.7
141,22,4.0
141,26,3.7
141,44,3.6
141,78,4.5
141,46,4.8
141,18,3.3
141,49,4.2
141,33,4.0
141,43,4.5
141,20,4.7
141,5,3.0
141,34,4.3
141,28,4.6
141,8,4.1
141,48,3.8
141,14,4.3
141,19,4.2
141,36,4.7
141,51,3.7
141,23,4.7
141,21,3.7
141,17,3.9
142,51,4.7
142,49,4.7
142,42,3.8
142,11,5.0
142,34,4.2
142,33,4.3
142,19,3.8
142,37,4.1
142,20,4.3
142,44,3.7
142,64,4.4
142,47,3.8
142,43,4.8
142,29,4.3
142,45,3.8
142,52,4.0
142,8,3.0
142,35,3.6
142,24,3.7
142,21,4.3
142,38,4.6
142,23,4.4
142,17,4.1
142,12,4.9
142,22,3.5
142,36,4.4
143,20,3.5
143,41,3.6
143,33,3.9
143,49,4.9
143,18,4.7
143,34,4.8
143,51,4.8
143,21,3.7
143,23,3.6
143,17,4.0
143,35,4.7
143,32,4.1
143,11,3.5
143,28,3.8
143,24,3.9
143,45,3.7
143,42,4.0
143,37,4.4
143,36,4.7
143,64,4.9
143,63,4.3
143,47,4.8
143,22,3.7
143,44,4.9
144,52,4.7
144,18,4.0
144,46,3.9
144,41,4.2
144,28,4.6
144,36,4.3
144,35,3.6
144,47,3.6
144,48,4.4
144,30,4.5
144,43,4.7
144,24,4.1
144,33,3.7
144,59,4.0
144,8,4.0
144,45,4.7
144,11,3.3
144,12,5.0
144,21,4.1
144,29,3.8
144,44,4.6
144,5,4.1
145,38,4.9
145,30,3.5
145,44,3.5
145,41,3.5
145,18,5.0
145,14,4.5
145,19,4.6
145,17,3.3
145,46,4.0
145,24,4.8
145,33,4.2
145,8,3.4
145,52,4.0
145,45,3.7
145,47,4.8
145,43,4.7
145,21,4.5
145,48,4.1
145,28,4.4
145,36,4.6
145,20,4.5
145,32,4.5
145,58,4.9
145,34,3.6
145,49,4.3
146,49,4.3
146,104,4.6
146,32,4.4
146,11,4.3
146,37,4.5
146,6,4.4
146,51,4.3
146,23,4.1
146,12,4.3
146,34,4.8
146,48,3.9
146,42,4.7
146,35,3.4
146,47,4.5
146,17,3.8
146,93,4.3
146,52,4.0
146,24,3.5
146,38,4.1
146,28,4.4
146,20,3.5
146,30,3.8
146,14,3.4
146,44,4.4
147,29,4.0
147,47,5.0
147,45,4.2
147,19,4.3
147,44,3.8
147,36,3.9
147,24,3.7
147,20,4.4
147,16,4.3
147,28,3.4
147,43,3.7
147,49,4.7
147,22,4.2
147,8,3.9
147,30,4.1
147,46,4.6
147,52,5.0
147,21,3.6
147,42,3.6
147,41,4.8
148,59,4.5
148,30,3.6
148,18,3.7
148,22,3.6
148,29,4.2
148,36,4.8
148,17,4.0
148,34,4.4
148,32,3.9
148,61,4.5
148,19,4.5
148,56,4.4
148,24,3.7
148,12,4.0
148,52,4.7
148,41,3.6
148,46,5.0
148,49,3.7
148,66,4.3
148,43,4.9
148,38,3.7
148,23,4.4
148,28,4.5
148,20,3.5
148,8,4.5
149,19,4.7
149,49,4.6
149,28,3.8
149,26,3.4
149,33,4.4
149,44,3.9
149,18,4.3
149,11,4.6
149,21,3.9
149,22,4.5
149,30,4.4
149,32,4.5
149,46,4.2
149,17,4.8
149,52,4.4
149,14,4.3
149,47,4.9
149,51,4.3
149,41,4.4
149,42,4.9
149,48,4.4
149,34,4.5
149,45,4.0
149,23,3.9
149,38,3.5
149,36,4.2
150,33,4.2
150,52,4.3
150,47,4.9
150,20,3.6
150,37,4.9
150,21,4.3
150,28,3.4
150,32,4.5
150,34,4.3
150,22,3.9
150,18,4.9
150,41,4.9
150,43,3.8
150,48,4.7
150,11,4.2
150,24,4.4
150,71,4.8
150,29,4.1
150,23,4.2
150,49,4.0
150,35,4.1
150,19,3.5
150,12,4.9
150,30,4.9
150,36,4.0
150,46,3.8
151,49,3.7
151,34,4.4
151,18,4.6
151,12,5.0
151,51,4.4
151,17,3.9
151,8,3.3
151,52,4.7
151,37,4.0
151,11,4.0
151,62,4.3
151,33,4.1
151,20,3.6
151,24,4.5
151,30,3.8
151,29,3.6
151,25,3.7
151,44,4.0
151,42,3.8
151,45,3.6
151,32,4.4
151,22,4.8
151,46,3.6
151,47,3.8
151,28,4.2
151,23,3.8
152,21,4.6
152,29,4.4
152,28,3.6
152,30,4.7
152,51,4.2
152,24,4.3
152,45,3.9
152,33,4.8
152,14,3.8
152,35,3.5
152,46,3.8
152,19,4.2
152,18,3.9
152,22,3.5
152,52,5.0
152,74,4.1
152,12,3.6
152,20,3.3
152,43,3.9
152,23,4.1
152,48,4.8
152,34,3.8
153,44,3.7
153,17,5.0
153,36,3.9
153,29,4.3
153,8,3.6
153,11,4.7
153,42,4.2
153,38,4.4
153,30,3.5
153,46,3.7
153,22,3.8
153,21,3.8
153,52,4.7
153,34,3.9
153,54,5.0
153,55,4.2
153,51,4.3
153,45,4.7
153,18,3.6
153,20,4.5
153,24,4.3
153,14,3.3
153,19,3.4
153,12,4.4
153,41,4.3
153,49,4.3
154,22,4.7
154,52,4.6
154,14,3.9
154,71,4.5
154,37,4.8
154,29,4.4
154,44,4.5
154,35,3.8
154,19,4.2
154,17,4.5
154,47,3.9
154,33,4.7
154,36,3.9
154,28,4.5
154,43,3.7
154,16,4.9
154,26,4.9
154,34,3.6
154,21,3.9
154,49,4.6
154,38,4.5
154,48,4.9
154,18,4.3
155,44,3.6
155,18,4.3
155,45,3.6
155,51,4.0
155,23,3.8
155,32,3.7
155,82,4.6
155,48,4.5
155,49,3.7
155,52,4.1
155,8,4.2
155,21,4.2
155,46,4.6
155,28,3.8
155,36,4.1
155,47,3.8
155,35,4.1
155,42,4.9
155,37,3.8
155,19,4.2
156,34,4.5
156,41,4.2
156,43,4.1
156,11,4.8
156,22,4.5
156,44,4.5
156,18,4.5
156,30,3.4
156,32,3.7
156,37,4.4
156,38,4.6
156,19,3.7
156,21,4.0
156,8,4.1
156,28,3.5
156,47,4.7
156,52,4.3
156,33,4.7
156,17,4.0
156,20,4.8
156,51,4.5
156,29,4.9
156,46,4.3
157,43,4.7
157,20,4.0
157,34,4.9
157,49,3.7
157,45,4.9
157,42,4.4
157,37,3.8
157,12,3.9
157,19,3.8
157,44,4.0
157,47,3.7
157,8,3.5
157,38,5.0
157,90,4.9
157,21,4.2
157,22,4.2
157,31,4.1
157,48,4.4
157,46,4.1
157,30,4.3
157,35,3.7
157,52,4.5
157,23,4.0
158,34,3.7
158,11,3.4
158,30,4.2
158,64,4.6
158,47,3.9
158,55,4.2
158,43,3.6
158,14,3.9
158,41,3.6
158,42,4.1
158,36,4.9
158,12,3.3
158,48,4.3
158,17,4.8
158,28,4.6
158,26,4.5
158,20,5.0
158,32,3.5
158,49,3.6
158,8,4.5
158,44,4.4
158,19,3.8
159,26,3.6
159,35,4.8
159,32,3.4
159,21,3.8
159,55,4.5
159,24,4.7
159,17,3.8
159,42,4.9
159,18,4.6
159,28,4.4
159,36,4.7
159,59,4.1
159,45,5.0
159,30,3.7
159,44,4.0
159,51,4.1
159,29,4.3
159,37,4.3
159,12,4.9
159,48,4.1
159,14,3.4
159,22,4.2
159,41,4.7
159,11,4.5
159,52,4.5
159,2,2.5
159,93,4.2
159,34,4.4
159,49,3.7
159,64,4.8
159,38,4.8
159,8,3.8
160,30,4.0
160,38,4.6
160,105,4.6
160,34,4.3
160,17,3.5
160,49,4.8
160,37,4.0
160,22,3.4
160,20,4.1
160,18,3.7
160,21,3.4
160,102,4.0
160,36,3.7
160,48,4.1
160,19,4.1
160,32,3.5
160,51,4.0
160,47,4.0
160,45,4.2
160,24,4.8
160,41,3.5
160,33,4.8
161,29,4.2
161,14,4.1
161,28,4.7
161,20,3.7
161,44,5.0
161,11,4.8
161,41,4.3
161,55,4.6
161,23,3.3
161,71,4.3
161,35,4.7
161,47,3.7
161,46,4.2
161,49,3.9
161,12,3.4
161,34,4.0
161,18,3.7
161,42,4.5
161,19,5.0
161,43,4.1
161,51,4.0
161,52,3.9
161,45,4.6
161,32,3.6
161,48,4.4
162,21,3.6
162,44,3.5
162,61,4.4
162,37,4.8
162,48,4.6
162,47,4.3
162,38,3.6
162,32,3.5
162,17,3.4
162,12,3.8
162,28,4.9
162,19,5.0
162,79,4.4
162,46,4.0
162,100,4.5
162,23,4.9
162,42,4.8
162,8,4.3
162,33,3.4
162,18,4.5
162,20,3.4
162,24,3.6
162,36,5.0
162,49,4.9
162,14,4.6
163,41,4.9
163,49,4.9
163,20,3.9
163,37,4.3
163,17,3.6
163,43,3.8
163,47,3.7
163,38,3.7
163,44,4.0
163,46,4.4
163,52,4.3
163,24,4.2
163,48,4.1
163,36,4.9
163,42,3.9
163,8,4.8
163,33,3.9
163,21,3.7
163,28,4.8
163,45,3.6
163,34,4.3
163,11,4.4
163,18,4.6
163,30,4.6
163,32,3.4
163,51,4.0
164,23,4.4
164,12,3.6
164,30,4.7
164,22,3.7
164,43,4.1
164,42,4.8
164,17,4.7
164,41,4.7
164,47,3.9
164,34,4.4
164,93,4.6
164,14,4.6
164,36,3.8
164,29,3.7
164,63,4.0
164,37,4.1
164,33,3.9
164,18,3.4
164,44,3.7
164,49,4.8
164,51,4.5
164,38,4.8
164,21,4.7
165,36,3.7
165,23,4.8
165,52,4.1
165,51,4.7
165,22,3.5
165,48,4.5
165,14,3.7
165,34,3.8
165,17,4.8
165,44,3.9
165,41,3.5
165,66,4.4
165,28,4.9
165,42,3.9
165,46,4.5
165,43,4.2
165,8,4.8
165,47,3.6
165,30,3.6
165,38,4.5
165,37,4.3
165,19,3.4
166,11,3.4
166,37,4.9
166,38,3.6
166,24,3.6
166,28,4.0
166,8,3.2
166,36,4.6
166,72,4.0
166,30,3.6
166,90,4.7
166,45,3.8
166,52,4.4
166,12,4.7
166,49,4.7
166,33,3.7
166,34,4.4
166,47,3.5
166,51,4.2
166,17,3.8
166,48,4.7
166,41,3.7
166,18,4.9
166,21,4.4
167,12,4.9
167,22,3.6
167,43,4.9
167,33,4.4
167,21,3.4
167,30,5.0
167,14,4.5
167,23,4.3
167,26,3.7
167,82,4.8
167,37,4.7
167,42,4.4
167,18,4.1
167,19,3.8
167,35,3.6
167,20,3.4
167,11,3.4
167,47,4.5
167,41,4.0
167,52,4.8
167,29,3.5
167,28,4.2
167,32,4.9
167,51,4.0
168,43,4.6
168,21,4.6
168,34,4.5
168,51,3.9
168,11,4.3
168,32,4.4
168,36,4.2
168,38,4.5
168,26,3.8
168,14,3.5
168,54,4.0
168,24,4.7
168,17,4.1
168,20,3.7
168,29,4.0
168,23,4.6
168,47,3.9
168,42,4.1
168,52,4.1
168,49,4.4
168,48,4.0
168,12,4.3
168,33,3.9
168,19,4.1
168,8,3.8
168,22,3.7
168,30,3.8
168,46,4.7
169,38,3.9
169,51,5.0
169,46,4.4
169,48,4.1
169,45,3.5
169,35,4.2
169,22,4.7
169,50,5.0
169,41,4.0
169,32,4.2
169,44,3.8
169,43,4.6
169,11,3.7
169,20,4.6
169,14,3.4
169,49,4.7
169,24,4.5
170,44,4.2
170,37,4.3
170,26,4.0
170,46,4.9
170,38,4.9
170,21,3.9
170,45,4.6
170,5,3.5
170,104,4.1
170,22,3.6
170,34,4.2
170,18,4.9
170,47,4.8
170,42,4.9
170,52,4.2
170,33,4.8
170,36,4.0
170,14,4.0
170,48,4.6
170,32,4.3
170,20,3.9
170,41,4.4
170,17,4.4
171,43,3.7
171,20,3.4
171,42,3.7
171,21,4.5
171,47,4.5
171,46,3.7
171,24,4.7
171,23,4.0
171,26,3.5
171,38,4.6
171,14,3.7
171,34,3.6
171,11,4.4
171,49,4.7
171,33,4.7
171,8,4.3
171,29,4.7
171,32,4.1
171,28,5.0
171,48,4.0
171,37,4.9
171,41,4.2
171,63,4.3
171,22,4.1
171,30,4.0
171,35,4.8
172,45,4.4
172,43,3.6
172,49,3.9
172,36,4.6
172,19,4.7
172,20,4.4
172,24,4.9
172,34,4.7
172,39,4.6
172,44,4.1
172,51,4.6
172,14,3.6
172,23,3.5
172,30,4.9
172,47,3.9
172,12,4.6
172,58,4.4
172,55,4.4
172,11,3.2
172,46,4.4
172,52,4.6
173,23,4.6
173,41,4.9
173,43,3.8
173,24,4.6
173,14,3.3
173,29,4.5
173,51,4.6
173,28,5.0
173,48,4.7
173,38,4.4
173,42,4.8
173,8,4.7
173,11,4.7
173,17,3.4
173,49,3.6
173,37,4.4
173,20,4.0
173,32,5.0
173,21,3.7
173,45,5.0
173,60,4.0
173,22,3.9
173,99,4.3
173,44,4.8
173,18,3.7
173,34,4.2
174,42,3.8
174,33,4.7
174,5,3.5
174,38,4.0
174,37,3.7
174,71,4.8
174,51,4.2
174,19,3.5
174,8,4.1
174,47,3.6
174,49,4.8
174,52,3.9
174,45,4.5
174,84,4.8
174,14,4.6
174,24,4.0
174,36,3.9
174,12,3.3
174,22,4.8
174,17,4.4
174,18,4.8
174,41,4.5
174,23,3.9
174,48,3.5
175,18,4.1
175,11,4.4
175,19,4.5
175,32,4.8
175,20,3.8
175,28,3.8
175,36,3.7
175,42,3.8
175,48,4.6
175,51,4.5
175,34,4.5
175,49,4.3
175,46,3.9
175,63,4.7
175,14,4.8
175,90,4.8
175,41,3.5
175,64,4.0
175,47,4.5
175,23,4.9
175,12,4.3
175,45,3.8
175,22,3.8
175,66,4.1
175,43,4.8
175,30,4.1
175,35,4.9
176,35,4.1
176,23,3.4
176,48,3.5
176,33,3.4
176,41,4.7
176,19,4.2
176,52,4.2
176,18,4.1
176,12,4.3
176,49,4.3
176,38,4.5
176,21,4.8
176,17,3.5
176,54,4.2
176,51,3.8
176,29,3.6
176,45,4.2
176,20,4.8
176,46,4.0
176,24,4.3
176,32,4.2
176,14,3.7
176,43,4.7
176,8,4.1
177,32,4.4
177,41,4.9
177,37,3.9
177,46,3.9
177,17,4.7
177,23,4.8
177,11,4.4
177,42,3.6
177,36,4.0
177,51,4.1
177,34,4.8
177,30,3.8
177,33,4.8
177,38,4.5
177,12,4.8
177,35,3.4
177,18,4.7
177,25,3.9
177,24,4.4
177,8,3.5
177,19,3.4
177,22,3.7
177,48,4.0
177,43,4.6
177,47,4.8
177,53,4.1
177,52,4.6
177,104,4.1
177,44,4.1
178,18,4.7
178,20,3.3
178,35,4.4
178,11,4.7
178,12,4.4
178,42,3.8
178,47,4.7
178,43,4.9
178,37,4.2
178,44,4.1
178,45,3.7
178,30,4.5
178,38,4.2
178,8,4.3
178,24,3.7
178,17,3.7
178,32,3.6
178,49,4.3
178,28,4.5
178,33,4.2
178,41,4.2
179,38,3.6
179,20,3.8
179,36,3.7
179,41,4.3
179,45,3.9
179,24,4.1
179,35,4.9
179,21,4.2
179,52,3.8
179,26,3.8
179,31,3.4
179,54,4.3
179,48,3.9
179,34,3.4
179,33,3.6
179,8,4.7
179,19,3.9
180,48,4.3
180,38,3.8
180,57,4.4
180,44,4.6
180,47,4.3
180,43,3.6
180,54,5.0
180,52,4.9
180,45,4.5
180,107,4.1
180,12,4.4
180,36,4.1
180,24,4.0
180,35,4.1
180,19,4.6
180,18,4.9
180,28,4.5
180,23,4.1
180,11,3.8
180,14,4.6
180,25,3.6
180,8,4.7
180,5,4.3
180,22,3.5
181,51,3.9
181,21,4.1
181,17,3.4
181,42,4.4
181,23,3.4
181,8,5.0
181,63,4.9
181,38,4.0
181,30,5.0
181,54,4.6
181,33,3.9
181,36,3.8
181,47,4.9
181,44,3.9
181,37,3.6
181,29,4.1
181,20,3.6
181,34,4.5
181,11,3.8
181,41,4.3
181,26,4.6
181,32,3.8
181,24,4.8
181,35,4.0
181,45,4.7
181,48,3.6
181,71,4.8
181,49,4.1
182,12,4.8
182,14,3.7
182,21,3.9
182,51,4.7
182,37,4.9
182,41,4.7
182,47,4.4
182,11,4.2
182,29,4.9
182,17,4.9
182,59,4.1
182,24,3.7
182,43,4.6
182,35,3.7
182,33,4.1
182,8,4.7
182,44,4.1
182,36,3.7
182,42,3.6
182,32,4.1
182,49,4.1
183,71,4.9
183,8,4.0
183,21,4.3
183,14,4.9
183,30,4.7
183,23,4.0
183,24,5.0
183,28,4.3
183,37,4.5
183,48,4.9
183,19,3.4
183,46,3.8
183,20,3.7
183,12,4.8
183,42,4.4
183,49,4.1
183,43,4.2
183,52,4.0
183,47,4.3
183,36,4.5
183,38,3.6
183,18,3.6
183,34,4.7
183,17,4.9
183,11,4.0
183,33,3.8
183,22,4.6
183,45,4.2
183,44,3.6
183,41,4.9
183,51,4.2
183,35,3.4
184,47,3.8
184,48,4.8
184,38,4.5
184,43,3.5
184,49,4.5
184,19,4.7
184,39,3.8
184,34,3.8
184,15,4.4
184,24,5.0
184,17,4.6
184,28,4.2
184,51,3.7
184,44,3.8
184,23,3.5
184,36,4.5
184,32,4.1
184,12,3.2
184,37,4.8
184,11,4.0
184,46,4.0
184,8,4.8
184,21,3.3
184,20,3.7
184,68,4.6
184,30,4.8
184,33,4.5
185,44,4.3
185,27,3.9
185,57,4.3
185,30,3.9
185,11,3.8
185,37,4.4
185,24,4.0
185,46,4.6
185,19,4.7
185,8,3.5
185,45,3.9
185,23,3.7
185,22,3.7
185,49,5.0
185,104,4.7
185,35,4.4
185,28,4.5
185,20,4.0
185,43,4.0
185,14,3.7
185,33,3.9
185,12,3.6
185,29,4.7
186,30,3.9
186,42,5.0
186,34,3.8
186,46,3.8
186,36,4.0
186,45,4.2
186,14,3.4
186,18,4.7
186,33,3.7
186,35,4.1
186,21,3.4
186,8,3.6
186,23,4.8
186,52,4.5
186,11,3.1
186,51,3.7
186,43,3.6
186,29,4.5
186,38,5.0
186,19,3.7
186,12,3.7
186,22,4.7
186,48,3.5
187,20,4.7
187,14,4.5
187,46,3.6
187,38,3.8
187,34,3.9
187,43,5.0
187,33,4.7
187,30,4.9
187,57,5.0
187,37,4.7
187,51,4.6
187,41,4.6
187,44,3.9
187,32,4.2
187,42,4.6
187,36,4.8
187,23,3.8
187,19,3.4
187,18,4.4
187,21,4.2
187,12,4.5
187,8,4.6
187,29,3.8
187,11,3.5
188,23,4.8
188,17,3.7
188,24,3.4
188,35,4.6
188,32,4.3
188,19,3.6
188,22,4.0
188,14,4.0
188,51,4.9
188,28,3.5
188,44,3.7
188,33,4.1
188,41,4.0
188,11,3.5
188,46,4.5
188,36,4.0
188,43,3.6
188,48,4.0
188,52,4.7
188,38,4.2
188,26,3.9
189,36,4.0
189,34,3.6
189,43,4.0
189,42,4.2
189,54,4.9
189,8,4.2
189,33,4.8
189,41,3.9
189,12,3.3
189,26,3.7
189,46,4.0
189,47,4.4
189,11,4.5
189,52,4.8
189,14,3.5
189,30,3.9
189,45,4.6
189,29,3.6
189,17,3.7
189,21,4.9
189,32,4.9
189,24,4.0
189,49,4.1
190,23,3.7
190,48,4.9
190,14,4.3
190,42,3.7
190,20,4.0
190,38,4.5
190,41,4.4
190,97,4.9
190,28,3.9
190,45,4.6
190,19,4.8
190,30,3.9
190,12,4.9
190,8,4.3
190,43,4.3
190,44,3.6
190,37,3.6
190,22,4.1
190,34,5.0
190,35,4.0
190,49,4.7
190,18,4.7
190,11,3.3
190,32,3.8
190,21,4.9
190,46,4.8
190,24,3.9
191,46,4.5
191,45,3.9
191,36,3.8
191,19,3.8
191,37,3.6
191,96,4.9
191,32,4.4
191,8,3.7
191,42,4.6
191,59,4.7
191,55,4.6
191,52,4.5
191,47,3.6
191,43,4.5
191,12,3.9
191,48,4.8
191,23,4.0
191,44,4.1
191,38,4.3
191,34,4.2
191,21,4.4
191,22,3.5
191,17,4.1
191,18,4.4
191,24,4.8
191,41,4.5
191,49,4.4
191,14,4.2
192,34,4.2
192,23,4.3
192,47,3.6
192,21,3.9
192,46,4.2
192,26,3.9
192,52,4.1
192,12,4.6
192,11,4.1
192,30,3.5
192,51,4.8
192,14,3.7
192,17,3.6
192,24,4.5
192,49,4.6
192,33,4.9
192,42,3.6
192,5,3.4
192,8,4.2
192,45,4.4
192,35,3.6
192,32,4.7
192,48,3.5
192,19,4.3
193,84,4.1
193,29,3.6
193,36,4.1
193,61,4.6
193,8,3.4
193,82,4.4
193,43,4.1
193,22,3.5
193,37,3.5
193,48,4.2
193,38,3.7
193,52,4.7
193,46,4.2
193,39,4.7
193,23,3.8
193,41,4.7
193,19,5.0
193,21,4.4
193,33,3.7
193,17,4.7
193,28,4.0
193,49,4.6
193,45,4.8
193,34,4.1
193,24,3.8
194,43,4.1
194,24,4.3
194,42,4.3
194,22,3.7
194,33,5.0
194,28,4.3
194,30,3.6
194,46,4.9
194,38,3.9
194,44,4.5
194,32,4.1
194,14,3.9
194,48,4.1
194,19,4.5
194,49,4.9
194,18,3.4
194,51,4.4
194,21,4.7
194,17,3.7
194,36,3.7
194,52,3.8
194,12,3.6
194,47,4.9
194,20,4.5
194,11,4.5
194,37,3.5
194,34,4.0
194,8,3.1
194,59,3.9
195,37,4.1
195,23,4.2
195,20,3.9
195,24,3.6
195,8,3.2
195,32,3.4
195,71,4.0
195,42,4.6
195,51,4.5
195,44,3.7
195,26,4.9
195,35,4.2
195,28,4.3
195,14,3.4
195,11,4.8
195,41,3.8
195,33,4.5
195,52,4.6
195,30,4.1
195,29,4.8
195,38,4.6
195,47,4.7
195,48,4.4
195,22,3.4
195,21,3.6
195,34,3.8
196,29,4.2
196,21,3.9
196,42,4.9
196,33,4.3
196,15,4.7
196,38,4.8
196,52,3.7
196,49,4.3
196,12,4.1
196,47,4.6
196,19,4.7
196,45,3.6
196,26,3.9
196,41,4.5
196,24,4.9
196,48,3.6
196,46,3.6
196,36,4.5
196,30,4.5
196,22,3.6
196,20,4.2
196,44,3.7
196,51,4.0
196,14,3.6
197,35,4.8
197,30,5.0
197,41,3.7
197,24,3.6
197,11,4.7
197,37,4.1
197,18,4.6
197,44,4.0
197,22,3.3
197,46,4.5
197,48,5.0
197,104,4.9
197,36,4.0
197,47,3.7
197,29,4.7
197,32,4.4
197,20,4.0
197,49,3.9
197,8,3.6
197,42,3.5
197,14,4.3
197,33,4.9
198,17,4.4
198,52,4.7
198,33,4.4
198,44,3.5
198,34,3.9
198,38,4.6
198,51,4.3
198,14,4.5
198,12,4.5
198,49,4.4
198,37,4.2
198,43,4.2
198,21,4.5
198,8,4.1
198,42,4.6
198,79,4.3
198,64,4.3
198,32,4.4
198,20,4.2
198,41,4.4
198,61,4.5
198,30,4.1
198,47,4.3
198,22,4.5
198,36,4.8
198,45,4.4
198,46,4.7
198,11,3.9
199,37,3.8
199,8,4.0
199,46,4.1
199,51,4.9
199,48,3.6
199,28,3.7
199,38,4.5
199,33,4.3
199,19,3.4
199,54,3.9
199,32,4.9
199,45,3.7
199,14,3.5
199,52,4.2
199,21,3.4
199,11,4.7
199,18,3.8
199,26,3.9
199,39,4.5
199,43,3.7
200,11,4.0
200,36,5.0
200,29,4.9
200,37,4.5
200,22,3.8
200,30,4.7
200,42,4.9
200,53,4.4
200,33,4.7
200,41,4.0
200,32,4.2
200,12,4.3
200,28,4.7
200,24,4.5
200,38,4.1
200,18,3.4
200,52,4.9
200,17,4.8
200,44,4.3
200,14,3.7
200,51,4.2
200,46,4.6
200,35,3.7
201,24,4.2
201,29,3.6
201,60,4.4
201,18,5.0
201,12,4.5
201,51,4.7
201,21,4.8
201,38,4.0
201,17,3.8
201,36,3.7
201,65,4.0
201,33,4.8
201,35,4.1
201,22,4.5
201,37,4.8
201,19,4.1
201,43,3.7
201,52,4.1
201,14,4.4
201,8,3.2
201,28,4.5
201,49,4.5
201,42,3.9
201,48,3.6
201,20,4.7
202,48,4.5
202,56,4.9
202,22,4.5
202,55,4.1
202,20,4.6
202,45,3.7
202,18,4.9
202,23,4.1
202,19,4.7
202,35,3.6
202,30,3.8
202,14,3.3
202,46,4.5
202,12,4.3
202,29,4.4
202,37,3.5
202,21,4.7
202,43,3.7
202,52,3.7
202,41,4.6
202,17,3.4
202,36,3.8
202,28,3.5
202,44,5.0
203,49,3.6
203,35,3.8
203,21,4.9
203,52,4.1
203,38,3.9
203,23,4.1
203,28,3.7
203,48,3.8
203,32,4.6
203,43,3.7
203,22,3.4
203,51,4.2
203,99,4.8
203,19,4.5
203,68,4.0
203,39,4.4
203,45,3.7
203,26,4.6
203,107,4.5
203,14,4.2
203,20,4.9
203,11,4.0
203,46,4.2
203,44,4.0
203,17,3.4
203,34,4.9
203,18,4.8
204,51,4.1
204,12,4.4
204,20,4.0
204,17,4.4
204,46,4.2
204,49,4.7
204,22,4.5
204,52,4.3
204,21,3.5
204,18,4.2
204,45,4.3
204,8,4.5
204,14,3.4
204,47,3.6
204,29,4.4
204,24,4.2
204,1,1.6
204,33,4.2
204,38,4.5
204,41,4.8
204,35,4.1
204,42,3.9
204,34,4.0
204,36,4.7
205,20,5.0
205,14,4.6
205,22,5.0
205,12,4.0
205,11,3.6
205,47,3.5
205,49,3.8
205,41,4.1
205,19,4.1
205,52,3.9
205,18,4.9
205,43,4.0
205,30,4.7
205,8,3.3
205,33,3.5
205,51,3.9
205,104,5.0
205,32,4.5
205,29,4.4
205,35,4.3
205,38,4.3
205,17,4.6
205,54,3.9
205,48,3.8
206,36,4.2
206,11,3.9
206,8,4.9
206,44,4.7
206,51,4.3
206,49,3.6
206,64,4.3
206,46,4.8
206,2,1.2
206,35,5.0
206,42,3.5
206,22,4.4
206,20,3.3
206,55,4.2
206,48,4.7
206,41,4.9
206,33,3.7
206,93,4.5
206,18,3.4
206,21,3.4
206,32,4.1
206,37,4.7
206,45,3.6
206,17,3.9
206,38,3.8
206,47,3.8
206,52,4.1
206,5,4.4
206,23,3.7
207,45,4.5
207,22,3.7
207,29,4.3
207,68,4.6
207,60,4.4
207,20,3.3
207,23,4.1
207,8,3.3
207,12,4.7
207,36,4.6
207,42,4.6
207,43,4.8
207,44,3.6
207,51,4.8
207,30,4.3
207,19,4.8
207,47,3.9
207,21,4.2
207,32,4.3
207,11,4.8
207,38,3.9
207,33,3.9
207,49,4.7
208,51,4.6
208,17,4.7
208,11,3.6
208,19,3.7
208,52,3.9
208,5,4.5
208,47,4.6
208,33,4.0
208,41,4.5
208,44,3.7
208,18,4.7
208,37,4.8
208,14,4.5
208,35,3.9
208,12,4.3
208,49,4.9
208,30,3.9
208,26,3.4
208,38,3.8
208,32,4.4
208,46,3.5
208,36,5.0
208,43,3.9
209,41,3.9
209,33,4.8
209,49,3.8
209,19,4.3
209,18,3.5
209,43,3.6
209,24,4.7
209,22,4.1
209,23,3.5
209,34,4.8
209,8,3.9
209,51,4.1
209,26,4.4
209,29,4.9
209,32,3.5
209,11,4.6
209,20,3.9
209,21,4.5
209,12,3.5
209,28,4.1
209,42,3.7
209,48,4.7
209,52,4.1
210,80,4.2
210,28,4.5
210,11,3.2
210,33,4.9
210,37,3.5
210,8,4.8
210,30,4.3
210,23,4.8
210,46,3.8
210,18,4.5
210,12,3.2
210,58,4.1
210,62,4.6
210,38,4.4
210,41,3.9
210,14,3.9
210,36,4.9
210,49,4.1
210,45,3.5
210,19,4.5
210,43,3.9
210,24,4.4
211,23,3.7
211,33,3.9
211,93,4.0
211,36,3.8
211,52,3.9
211,43,4.9
211,48,4.0
211,44,4.8
211,11,4.6
211,37,3.9
211,20,4.1
211,32,3.5
211,8,3.2
211,24,4.1
211,49,4.5
211,28,3.4
211,22,3.7
211,18,4.1
211,64,4.0
211,41,3.8
211,45,4.2
211,38,3.9
211,17,4.5
211,19,3.9
211,26,3.6
211,30,4.3
211,51,4.8
211,12,3.4
211,21,4.7
211,42,4.4
211,34,3.5
211,14,3.6
212,43,4.9
212,37,3.7
212,52,3.9
212,41,4.0
212,45,4.8
212,54,4.4
212,12,4.5
212,23,3.8
212,24,4.0
212,17,3.7
212,38,3.9
212,32,4.9
212,49,4.7
212,8,4.0
212,101,4.7
212,48,4.4
212,11,4.0
212,47,3.5
212,19,3.5
212,36,4.4
212,35,3.7
212,20,3.6
212,30,4.7
213,37,3.6
213,42,5.0
213,103,4.7
213,23,3.4
213,49,4.4
213,26,4.2
213,41,4.5
213,45,3.7
213,51,4.6
213,24,4.0
213,19,4.6
213,14,4.9
213,35,3.4
213,22,3.6
213,21,4.1
213,20,4.1
213,8,3.8
213,17,4.1
213,36,4.1
213,30,4.4
213,38,5.0
213,12,3.8
213,47,3.9
213,11,5.0
213,18,4.9
213,28,3.8
213,46,4.9
214,18,3.9
214,45,4.7
214,22,3.4
214,28,4.4
214,17,4.8
214,36,3.9
214,33,4.4
214,32,4.2
214,47,3.6
214,23,3.8
214,13,4.5
214,30,4.4
214,20,3.5
214,12,3.7
214,26,4.2
214,41,4.5
214,51,3.8
214,48,4.9
214,49,4.8
214,19,4.6
214,38,4.0
214,35,4.1
214,37,4.6
214,5,3.7
215,26,4.5
215,41,4.5
215,51,3.9
215,8,4.9
215,44,4.3
215,48,3.7
215,43,3.8
215,11,3.7
215,42,3.5
215,49,4.0
215,20,4.7
215,22,3.8
215,45,4.3
215,64,4.8
215,30,3.4
215,24,3.8
215,52,4.8
215,46,3.8
215,34,4.3
215,33,4.5
216,32,4.9
216,18,4.6
216,42,4.0
216,41,4.7
216,48,4.6
216,11,3.7
216,14,3.6
216,44,3.8
216,33,4.0
216,22,4.3
216,47,4.8
216,19,4.8
216,38,4.7
216,49,3.7
216,23,3.5
216,35,4.6
216,24,4.1
216,36,3.8
216,30,3.5
216,15,3.3
216,17,4.5
216,51,3.8
216,20,4.3
217,17,4.3
217,57,3.8
217,19,4.1
217,5,3.5
217,33,3.5
217,43,3.8
217,76,4.8
217,44,4.8
217,46,4.0
217,41,3.8
217,12,4.0
217,21,4.9
217,28,4.1
217,52,4.6
217,35,3.7
217,34,4.3
217,49,4.5
217,14,4.8
217,51,4.4
217,8,4.4
217,71,4.9
217,42,4.3
217,11,4.3
218,21,3.9
218,14,3.4
218,28,4.7
218,87,4.4
218,37,4.3
218,44,4.7
218,47,4.0
218,32,3.6
218,12,3.5
218,42,4.3
218,23,3.6
218,19,4.5
218,46,4.4
218,17,4.2
218,22,4.9
218,48,4.9
218,45,3.9
218,36,4.9
218,11,4.9
218,43,3.6
218,29,4.7
218,18,3.4
218,33,3.9
219,51,4.3
219,23,4.6
219,48,4.2
219,52,4.0
219,45,4.3
219,30,5.0
219,59,4.6
219,57,4.3
219,47,3.5
219,12,3.2
219,21,3.8
219,11,3.8
219,17,4.2
219,22,4.1
219,32,4.6
219,33,3.7
219,44,4.5
219,34,3.8
219,14,3.5
219,20,4.4
219,46,4.8
219,24,4.2
220,30,4.7
220,11,4.9
220,32,4.1
220,51,4.5
220,28,4.2
220,14,4.3
220,41,4.3
220,20,3.3
220,23,4.3
220,18,4.4
220,44,4.8
220,22,4.3
220,34,3.5
220,24,3.7
220,33,4.0
220,38,5.0
220,100,4.5
220,29,3.8
220,45,4.7
220,42,4.3
220,12,4.4
220,46,4.4
221,14,4.3
221,47,4.3
221,35,3.7
221,48,4.8
221,49,4.3
221,33,4.8
221,52,4.0
221,44,4.4
221,41,4.8
221,51,4.2
221,20,4.6
221,17,4.4
221,37,4.2
221,21,4.4
221,63,4.5
221,30,4.7
221,11,4.9
221,32,4.4
221,8,4.7
222,11,4.9
222,17,3.6
222,30,4.5
222,35,4.9
222,46,3.8
222,22,4.2
222,49,4.1
222,26,4.2
222,44,4.9
222,36,3.6
222,48,4.8
222,43,4.9
222,20,3.5
222,52,4.2
222,34,4.6
222,18,4.8
222,51,4.2
222,38,3.8
222,42,4.0
222,45,3.5
222,41,4.9
222,19,4.9
222,21,3.9
222,12,3.4
222,37,4.8
222,8,4.5
223,32,4.8
223,49,4.1
223,53,3.9
223,8,3.6
223,11,4.1
223,43,3.5
223,45,4.2
223,47,4.9
223,23,4.7
223,52,4.7
223,24,4.6
223,37,3.5
223,30,4.9
223,19,3.3
223,22,3.8
223,68,4.1
223,12,3.4
223,38,4.8
223,18,4.7
223,34,4.1
223,17,4.9
223,21,4.1
223,35,4.9
223,48,4.0
223,28,4.4
223,29,4.8
224,45,4.3
224,29,4.2
224,34,4.4
224,26,4.0
224,37,3.9
224,36,4.9
224,24,4.4
224,43,4.8
224,12,4.7
224,41,4.9
224,47,3.6
224,52,4.3
224,18,5.0
224,23,4.5
224,44,4.3
224,54,3.8
224,35,4.9
224,30,3.5
224,42,4.7
224,49,4.8
224,14,4.9
224,8,3.5
224,19,3.4
224,51,4.0
224,20,4.9
224,33,4.5
224,46,4.8
225,22,4.8
225,48,4.6
225,17,3.8
225,51,3.9
225,19,3.8
225,20,3.8
225,34,4.8
225,38,4.4
225,23,3.8
225,29,4.9
225,45,3.8
225,46,3.8
225,49,3.6
225,11,3.3
225,47,3.6
225,43,3.6
225,12,3.8
225,36,4.8
225,28,4.1
225,24,4.4
225,37,4.1
225,14,4.1
226,23,3.5
226,47,3.6
226,28,4.6
226,20,3.9
226,44,4.8
226,17,3.5
226,37,4.8
226,14,4.7
226,45,4.4
226,11,3.2
226,71,4.2
226,66,4.6
226,30,3.6
226,12,3.7
226,64,4.7
226,68,4.9
226,52,3.8
226,21,3.4
226,32,4.6
226,38,4.0
226,24,4.6
226,33,4.1
226,34,4.2
226,49,3.9
226,48,4.0
226,51,4.3
226,26,4.4
226,63,4.5
226,35,4.6
226,43,4.4
227,34,4.1
227,42,3.9
227,23,3.3
227,28,4.3
227,44,4.4
227,20,4.1
227,29,5.0
227,19,4.0
227,11,4.5
227,36,3.6
227,45,4.7
227,43,3.6
227,35,4.5
227,48,4.7
227,12,4.1
227,14,3.3
227,8,3.3
227,24,4.0
227,30,4.6
227,18,3.8
227,17,4.6
228,38,3.6
228,8,4.4
228,49,4.4
228,45,4.5
228,24,4.3
228,51,4.7
228,46,3.5
228,36,3.5
228,43,4.1
228,29,4.5
228,23,4.9
228,21,4.2
228,52,5.0
228,34,3.9
228,18,3.4
228,11,4.8
228,33,4.4
228,26,4.9
228,37,3.7
228,81,4.0
228,31,4.0
228,20,4.2
228,14,4.6
229,46,3.6
229,29,4.0
229,45,4.6
229,23,4.2
229,11,3.9
229,43,5.0
229,24,4.5
229,17,4.0
229,41,4.5
229,22,4.1
229,21,4.8
229,71,4.5
229,34,4.5
229,12,3.5
229,20,4.9
229,44,4.7
229,28,4.4
229,35,4.3
229,52,4.8
229,32,4.0
229,48,4.1
229,38,4.1
229,14,4.6
229,93,4.1
229,37,4.6
229,85,4.7
229,51,5.0
230,34,3.4
230,24,4.2
230,33,4.1
230,11,4.7
230,17,3.9
230,19,4.7
230,28,4.1
230,12,4.3
230,18,4.6
230,47,4.8
230,46,3.9
230,30,4.4
230,36,4.2
230,45,4.1
230,44,4.8
230,21,4.4
230,41,4.4
230,43,4.7
230,37,3.8
230,5,2.7
230,42,4.5
230,51,5.0
230,23,3.4
230,8,3.5
231,38,4.2
231,87,4.7
231,32,3.8
231,45,3.6
231,24,3.5
231,35,4.4
231,29,3.5
231,43,3.8
231,11,3.8
231,12,4.2
231,23,3.4
231,18,4.0
231,36,4.2
231,17,3.6
231,47,3.5
231,34,3.9
231,21,4.5
231,44,4.2
231,30,4.5
231,22,4.0
231,26,4.5
232,38,4.0
232,35,4.6
232,44,3.9
232,59,4.1
232,33,4.5
232,52,4.9
232,45,4.9
232,23,4.1
232,24,4.5
232,28,3.7
232,34,3.8
232,14,4.3
232,43,3.5
232,48,4.6
232,19,4.2
232,22,4.5
232,66,4.3
232,11,4.9
232,62,4.5
232,42,3.9
232,18,3.5
232,53,4.3
232,12,3.2
232,51,3.8
232,37,3.6
233,44,4.9
233,34,3.5
233,42,4.6
233,51,4.6
233,12,4.3
233,14,4.7
233,35,4.9
233,23,3.4
233,29,3.8
233,49,3.8
233,47,4.2
233,19,4.4
233,32,3.7
233,30,3.5
233,8,3.6
233,36,4.8
233,20,3.4
233,18,3.5
233,48,3.9
233,17,4.1
233,22,4.8
233,38,4.1
233,37,4.1
233,21,4.0
233,28,4.7
233,41,3.8
234,23,4.1
234,36,4.4
234,49,4.9
234,46,4.5
234,41,4.6
234,28,4.6
234,51,3.8
234,22,3.8
234,47,4.4
234,42,3.9
234,20,4.9
234,29,4.0
234,18,3.4
234,19,4.8
234,33,4.4
234,37,4.0
234,52,4.6
234,17,4.4
234,45,4.1
234,62,4.3
234,34,4.6
235,32,4.8
235,19,3.8
235,46,4.4
235,38,4.3
235,23,4.4
235,47,4.1
235,18,4.9
235,37,3.8
235,49,4.8
235,34,4.8
235,22,4.9
235,8,4.5
235,21,3.5
235,44,4.9
235,36,5.0
235,41,4.3
235,28,4.0
235,45,3.9
235,43,4.2
235,11,4.4
235,30,3.9
235,51,3.7
235,29,4.5
236,21,4.3
236,24,4.9
236,44,3.6
236,19,3.5
236,33,4.5
236,23,4.1
236,41,4.9
236,29,4.1
236,18,4.3
236,12,4.9
236,34,3.6
236,52,3.9
236,32,3.8
236,8,3.8
236,48,3.5
236,26,4.4
236,49,3.6
236,43,4.6
236,45,4.5
236,14,3.7
236,36,3.9
237,38,3.8
237,44,4.2
237,18,4.2
237,11,4.4
237,28,3.9
237,17,4.3
237,43,4.8
237,42,4.5
237,8,3.2
237,30,4.1
237,21,4.7
237,55,4.5
237,37,5.0
237,26,3.8
237,74,4.5
237,48,4.1
237,35,4.2
237,33,4.4
237,24,4.8
237,41,4.1
237,23,3.5
237,22,4.2
237,49,4.4
237,45,4.5
237,34,4.0
237,78,4.3
237,47,4.1
237,20,4.9
238,42,4.1
238,45,4.1
238,35,4.5
238,44,4.9
238,32,4.7
238,29,4.3
238,20,4.5
238,46,4.6
238,33,4.3
238,48,3.5
238,52,3.9
238,19,4.9
238,30,3.9
238,38,4.1
238,14,4.2
238,17,4.5
238,8,3.3
238,18,3.7
238,100,4.6
238,43,4.3
238,51,4.0
238,37,4.0
238,49,3.9
238,12,3.9
238,34,3.9
238,11,4.5
239,36,4.4
239,35,3.7
239,45,3.9
239,12,3.3
239,42,4.0
239,30,4.0
239,18,4.8
239,37,4.9
239,34,4.8
239,22,3.5
239,46,4.4
239,8,4.7
239,47,4.6
239,17,4.5
239,21,4.7
239,43,4.6
239,63,4.0
239,52,3.9
239,41,4.3
239,51,3.9
239,20,4.6
239,38,4.6
239,23,3.8
239,19,3.5
240,38,4.1
240,8,4.5
240,21,4.9
240,43,4.2
240,37,3.9
240,26,5.0
240,28,3.9
240,47,4.8
240,49,3.8
240,41,4.9
240,34,4.8
240,14,3.5
240,17,4.9
240,45,4.0
240,40,4.1
240,42,4.7
240,52,4.3
240,20,4.1
240,30,4.6
240,44,4.6
240,23,3.6
240,46,4.4
240,11,3.2
240,36,4.9
240,18,3.8
241,35,3.8
241,51,4.5
241,21,4.7
241,47,3.7
241,54,4.6
241,101,4.4
241,44,5.0
241,20,3.8
241,33,3.8
241,22,4.5
241,17,3.7
241,28,3.7
241,14,3.7
241,34,3.7
241,52,3.9
241,43,3.7
241,24,3.4
241,37,4.2
241,49,3.7
241,36,4.8
241,11,3.3
242,44,4.9
242,22,4.8
242,48,4.5
242,36,4.7
242,24,3.5
242,43,3.9
242,12,4.9
242,33,4.2
242,42,3.7
242,26,3.9
242,45,3.5
242,11,4.8
242,38,4.9
242,20,4.8
242,41,3.8
242,18,3.9
242,28,4.2
242,47,3.5
242,51,4.3
242,71,4.3
242,37,4.3
242,34,4.0
242,49,3.6
242,17,4.8
242,30,3.8
242,32,4.0
242,46,4.8
243,36,4.1
243,32,4.5
243,33,3.7
243,20,4.8
243,22,4.6
243,43,5.0
243,34,3.5
243,17,4.7
243,12,4.4
243,35,4.9
243,51,4.3
243,66,4.4
243,44,4.8
243,14,3.8
243,21,3.6
243,52,3.9
243,24,4.2
243,37,3.6
243,23,4.6
243,38,3.8
243,42,3.6
243,41,3.5
243,30,3.9
243,46,3.9
243,45,4.5
243,47,4.3
243,29,4.5
243,8,3.5
244,51,4.6
244,20,4.4
244,8,4.9
244,29,4.7
244,12,4.3
244,2,3.0
244,48,4.6
244,21,4.3
244,41,4.2
244,14,3.6
244,49,4.5
244,45,4.3
244,42,4.6
244,35,3.6
244,37,4.4
244,11,3.5
244,46,4.0
244,54,4.2
244,24,3.8
244,31,4.0
244,26,4.3
245,54,4.2
245,20,3.4
245,34,4.5
245,21,4.2
245,36,4.9
245,37,3.6
245,49,4.3
245,22,3.4
245,45,3.6
245,38,4.5
245,52,4.7
245,24,4.1
245,51,4.8
245,17,3.8
245,35,3.8
245,47,4.7
245,46,4.6
245,33,4.3
245,32,4.2
245,48,3.9
245,42,4.5
245,18,4.0
245,44,4.0
246,49,3.8
246,20,3.6
246,24,3.4
246,33,4.7
246,30,4.0
246,52,4.3
246,18,4.6
246,35,4.4
246,23,4.3
246,22,3.8
246,45,3.8
246,8,4.9
246,44,4.3
246,29,3.9
246,14,4.5
246,47,4.8
246,12,4.9
246,37,4.4
246,28,4.0
247,11,4.2
247,49,4.9
247,20,4.9
247,34,4.2
247,32,4.3
247,43,4.6
247,27,3.8
247,52,4.0
247,37,4.7
247,28,3.8
247,41,4.6
247,30,4.9
247,51,4.7
247,46,4.2
247,14,3.4
247,35,4.5
247,45,4.8
247,19,3.7
247,36,4.3
247,21,4.0
247,8,3.3
247,18,3.9
247,76,4.6
248,11,4.7
248,51,4.3
248,22,4.0
248,48,4.6
248,8,4.6
248,33,3.5
248,46,4.6
248,30,4.4
248,32,4.1
248,41,4.1
248,23,4.5
248,20,4.4
248,14,3.4
248,43,3.7
248,26,3.7
248,45,3.5
248,24,3.8
248,35,3.5
248,37,3.8
248,29,4.4
248,47,3.6
248,49,3.7
249,20,3.9
249,12,3.8
249,14,3.7
249,41,3.6
249,52,4.1
249,44,4.9
249,37,4.4
249,19,4.3
249,46,4.2
249,11,3.7
249,48,3.7
249,47,3.8
249,23,4.1
249,43,3.8
249,98,4.5
249,30,3.7
249,33,3.8
249,8,4.3
249,28,3.9
249,51,3.8
249,38,4.7
249,45,4.9
249,49,4.2
249,21,4.6
249,35,3.5
249,18,3.5
249,36,4.4
249,54,4.6
250,32,3.4
250,30,3.7
250,24,4.0
250,11,3.3
250,23,4.2
250,45,3.9
250,42,3.7
250,19,3.7
250,46,4.3
250,51,4.6
250,17,4.7
250,34,3.9
250,35,4.5
250,52,4.1
250,20,4.1
250,44,3.8
250,37,3.9
250,48,4.3
250,54,4.9
250,12,3.7
250,22,4.8
250,47,4.3
250,29,4.3
251,20,3.6
251,47,3.8
251,44,4.2
251,19,3.8
251,39,4.3
251,41,4.6
251,35,4.1
251,36,3.5
251,54,4.8
251,14,4.3
251,30,4.0
251,42,4.0
251,51,4.8
251,43,4.2
251,49,4.4
251,52,4.1
251,38,3.9
251,23,4.2
251,34,4.8
251,12,3.6
251,24,3.9
252,13,4.4
252,19,3.9
252,68,4.1
252,18,3.8
252,51,3.9
252,20,4.7
252,14,3.8
252,11,4.2
252,36,4.5
252,48,3.9
252,17,3.3
252,37,3.9
252,32,4.0
252,30,3.5
252,42,4.1
252,22,4.7
252,41,3.9
252,33,3.6
252,21,3.6
252,47,4.0
252,34,4.1
252,46,4.9
252,29,4.7
252,43,4.7
252,45,3.7
253,23,3.5
253,18,3.9
253,24,3.7
253,12,4.7
253,51,4.5
253,20,4.9
253,59,4.6
253,93,4.4
253,48,3.8
253,21,4.6
253,35,3.9
253,45,4.8
253,46,3.8
253,49,4.6
253,43,3.7
253,34,4.2
253,52,4.9
253,41,4.7
253,30,3.6
253,17,4.8
253,22,4.2
253,14,4.4
253,44,3.7
253,42,4.3
253,8,3.1
253,26,4.1
253,32,4.8
253,3,1.7
253,19,3.4
253,36,4.1
254,44,4.4
254,37,3.8
254,47,3.9
254,18,3.4
254,11,3.3
254,34,4.7
254,32,3.6
254,46,3.5
254,33,3.8
254,90,4.3
254,38,4.5
254,54,4.6
254,29,4.6
254,52,3.8
254,35,4.8
254,48,4.1
254,17,4.4
254,45,4.1
254,36,3.5
254,42,4.7
254,14,4.4
254,21,4.4
254,28,3.7
255,36,4.2
255,43,4.7
255,42,4.3
255,28,3.5
255,45,4.8
255,24,4.1
255,41,3.6
255,30,4.9
255,23,4.6
255,32,4.3
255,18,3.4
255,51,4.3
255,47,3.6
255,34,4.1
255,35,3.4
255,59,4.4
255,17,5.0
256,35,4.4
256,44,4.5
256,29,4.4
256,30,5.0
256,20,4.8
256,22,3.8
256,49,4.0
256,32,4.9
256,28,3.7
256,46,4.4
256,89,4.9
256,48,4.7
256,45,4.3
256,36,3.6
256,8,4.4
256,18,4.7
256,33,4.4
256,17,3.8
256,24,4.3
256,12,4.1
257,32,4.9
257,23,3.8
257,46,3.6
257,30,3.7
257,19,4.5
257,8,3.8
257,41,4.1
257,18,4.3
257,17,4.8
257,38,3.5
257,14,4.5
257,34,3.9
257,52,4.4
257,47,4.8
257,11,4.9
257,28,4.7
257,33,4.7
257,45,4.5
257,22,4.3
257,29,4.1
257,44,3.6
257,49,4.4
258,33,3.7
258,35,4.3
258,29,4.6
258,44,4.8
258,12,3.7
258,28,3.7
258,36,5.0
258,51,4.4
258,21,3.6
258,37,3.7
258,19,4.0
258,22,4.3
258,46,4.7
258,24,3.9
258,57,4.0
258,14,3.9
258,106,4.9
258,43,3.8
258,38,4.7
258,49,4.3
259,11,5.0
259,21,4.6
259,32,3.6
259,47,3.6
259,44,4.2
259,42,4.8
259,28,3.8
259,19,4.7
259,14,4.3
259,8,4.5
259,48,3.9
259,22,4.9
259,102,4.4
259,38,4.1
259,34,4.8
259,46,4.3
259,43,4.9
259,24,4.7
259,29,4.8
259,30,3.5
259,45,4.5
259,51,4.5
259,33,3.9
259,20,4.7
259,61,4.4
259,18,3.9
259,35,4.6
259,23,4.9
259,41,3.8
259,37,4.1
260,19,4.5
260,42,3.8
260,27,4.2
260,43,4.5
260,49,4.5
260,29,3.8
260,17,4.8
260,30,4.5
260,45,4.2
260,34,4.8
260,23,4.2
260,51,4.7
260,28,4.8
260,36,4.4
260,52,5.0
260,48,4.6
260,18,4.6
260,44,4.3
260,33,3.5
260,35,3.5
260,8,3.3
260,93,4.5
260,91,4.0
260,22,4.8
260,20,4.3
260,47,3.7
261,29,4.7
261,18,4.3
261,11,4.9
261,24,4.4
261,35,3.6
261,51,4.2
261,37,4.9
261,41,5.0
261,8,3.7
261,20,4.5
261,38,3.7
261,19,3.6
261,100,4.9
261,49,4.3
261,12,4.1
261,42,4.1
261,22,4.4
261,28,3.6
261,43,4.7
261,47,4.0
261,46,4.8
261,34,3.5
261,105,4.6
261,33,3.4
261,52,4.1
261,45,4.2
262,8,4.0
262,34,5.0
262,33,3.9
262,20,3.4
262,19,4.0
262,36,3.7
262,21,4.1
262,52,4.6
262,44,4.3
262,35,3.7
262,48,3.9
262,32,3.6
262,47,4.4
262,42,3.8
262,23,3.8
262,30,3.9
262,14,3.8
262,24,4.2
262,45,3.8
262,46,4.0
262,51,4.7
262,18,3.4
262,28,4.1
262,37,4.1
262,22,4.8
263,30,4.6
263,38,4.6
263,49,4.6
263,20,4.4
263,46,4.1
263,22,3.6
263,36,4.9
263,23,5.0
263,11,4.2
263,14,4.3
263,48,3.7
263,37,3.8
263,51,4.2
263,28,3.8
263,43,4.0
263,21,4.6
263,52,4.2
263,32,4.3
263,12,4.1
263,41,5.0
263,42,3.7
263,35,4.9
264,44,4.7
264,17,4.1
264,51,4.5
264,48,4.5
264,32,4.8
264,24,4.7
264,45,4.9
264,12,4.4
264,30,4.8
264,29,3.4
264,52,4.9
264,23,4.7
264,43,4.9
264,35,4.4
264,36,3.8
264,22,4.9
264,28,3.7
264,40,4.3
264,46,3.7
264,21,3.9
264,14,3.4
264,11,4.9
264,20,3.8
264,47,4.0
264,42,4.2
264,18,4.3
264,8,4.4
265,22,4.7
265,44,4.6
265,11,4.5
265,21,4.1
265,17,3.4
265,24,4.3
265,42,3.5
265,36,3.7
265,49,4.5
265,18,4.9
265,37,4.6
265,51,4.9
265,26,4.7
265,34,4.2
265,43,4.8
265,29,4.2
265,33,4.4
265,30,4.4
265,14,3.7
265,8,4.3
265,47,4.6
265,46,3.5
265,19,4.0
265,35,4.1
265,48,4.7
265,60,4.7
265,41,5.0
266,21,4.9
266,47,4.6
266,23,4.5
266,19,4.2
266,12,3.5
266,14,3.8
266,41,3.8
266,48,4.6
266,68,4.2
266,28,4.7
266,22,4.7
266,30,4.1
266,45,4.0
266,52,4.3
266,36,4.2
266,11,4.4
266,49,5.0
266,20,3.9
266,71,4.5
266,37,4.2
266,44,3.8
266,51,3.8
266,34,3.6
266,33,4.3
266,32,4.2
267,38,4.9
267,52,3.7
267,8,3.0
267,18,4.1
267,20,4.0
267,41,4.5
267,49,4.0
267,24,3.8
267,28,3.6
267,22,4.2
267,45,4.2
267,5,3.8
267,23,4.0
267,30,4.4
267,35,4.7
267,33,4.1
267,14,3.7
267,17,4.4
267,37,4.8
267,42,4.3
267,32,4.8
267,43,3.6
267,36,3.7
267,56,4.9
268,21,4.6
268,38,3.7
268,46,4.0
268,24,3.9
268,20,4.4
268,93,4.8
268,35,4.0
268,18,4.3
268,29,3.6
268,12,3.3
268,41,3.9
268,8,4.6
268,52,4.1
268,51,4.7
268,34,4.8
268,42,4.2
268,47,4.9
268,48,4.1
268,11,4.4
268,33,4.6
268,23,5.0
268,49,4.9
268,37,4.6
268,43,4.0
268,22,3.5
268,61,4.8
268,28,4.1
268,19,4.1
269,23,4.5
269,42,4.3
269,30,4.0
269,33,3.7
269,21,3.7
269,19,3.4
269,8,4.1
269,14,3.5
269,24,4.3
269,36,3.6
269,12,3.3
269,48,4.5
269,52,4.2
269,17,3.8
269,37,4.7
269,34,3.6
269,11,4.4
269,44,4.1
269,28,4.5
269,46,4.2
269,29,4.6
269,35,4.4
269,43,4.7
269,38,3.5
270,32,3.6
270,45,4.5
270,44,3.5
270,41,4.4
270,48,4.2
270,43,3.9
270,64,5.0
270,52,5.0
270,33,3.6
270,20,4.5
270,8,3.2
270,35,4.6
270,19,4.3
270,23,4.8
270,28,4.9
270,30,4.5
270,11,3.4
270,22,3.4
270,42,3.9
270,21,3.9
270,29,4.6
270,17,4.1
270,49,4.1
270,63,4.8
270,38,3.9
271,14,4.7
271,23,4.1
271,22,5.0
271,37,4.8
271,36,3.8
271,44,3.7
271,11,4.3
271,46,3.9
271,29,3.5
271,35,4.1
271,38,4.3
271,20,4.3
271,32,3.5
271,33,3.5
271,72,4.5
271,52,4.1
271,45,3.6
271,21,3.8
271,19,4.4
272,22,4.7
272,26,4.1
272,19,4.1
272,46,4.1
272,21,3.6
272,32,4.5
272,23,3.8
272,41,4.2
272,33,3.9
272,14,3.8
272,51,4.2
272,38,4.7
272,18,3.9
272,42,3.8
272,12,4.5
272,20,5.0
272,49,3.6
272,44,5.0
272,34,3.7
272,28,3.5
272,37,4.2
272,48,4.4
272,35,3.6
272,29,4.3
272,8,4.4
272,47,4.5
273,20,4.4
273,36,4.1
273,38,4.8
273,22,4.6
273,14,3.9
273,32,4.9
273,24,4.3
273,29,4.1
273,47,4.2
273,41,4.9
273,48,4.9
273,51,4.6
273,11,4.6
273,46,4.5
273,42,4.6
273,53,3.9
273,45,4.2
273,18,4.3
273,35,4.2
273,23,4.1
273,8,4.9
273,43,4.8
273,28,3.9
273,97,4.4
273,21,4.0
274,44,4.4
274,52,4.7
274,41,4.6
274,51,4.6
274,48,4.5
274,28,3.8
274,45,3.6
274,38,4.7
274,33,3.9
274,14,3.8
274,32,4.2
274,34,3.9
274,64,4.2
274,47,4.6
274,11,3.2
274,42,4.1
274,19,4.3
274,30,4.5
274,23,3.8
274,21,4.6
274,22,4.2
274,46,4.3
274,12,4.0
274,8,4.1
275,26,4.1
275,12,3.3
275,32,3.8
275,33,4.8
275,48,4.9
275,34,3.5
275,14,4.6
275,23,5.0
275,19,4.4
275,49,4.0
275,42,4.6
275,5,3.3
275,21,4.0
275,18,3.8
275,44,4.2
275,46,4.1
275,35,4.3
275,17,4.9
275,24,3.8
275,36,3.9
275,51,4.1
275,52,4.9
275,45,4.4
276,42,4.1
276,48,4.8
276,28,4.9
276,32,4.6
276,22,3.9
276,12,4.7
276,47,4.7
276,44,4.9
276,38,4.8
276,21,4.8
276,61,4.6
276,46,3.9
276,20,4.2
276,14,4.9
276,37,4.5
276,23,3.8
276,33,4.4
276,34,4.8
276,52,4.0
276,45,3.8
276,19,4.5
276,35,4.8
276,36,3.9
276,17,4.0
277,38,4.0
277,33,3.8
277,19,4.0
277,45,4.0
277,48,4.1
277,52,4.4
277,12,3.8
277,104,4.3
277,44,4.1
277,32,4.1
277,43,3.8
277,26,4.7
277,34,4.4
277,20,4.4
277,18,4.3
277,37,4.0
277,30,3.5
277,36,4.5
277,21,5.0
277,17,3.8
277,11,3.2
277,28,3.8
277,22,4.7
277,64,4.4
277,23,3.3
278,19,3.7
278,27,4.2
278,63,4.6
278,26,4.4
278,22,3.3
278,43,3.9
278,37,4.8
278,20,3.7
278,52,4.0
278,51,4.4
278,36,4.0
278,45,3.8
278,21,4.4
278,17,4.8
278,34,3.9
278,28,4.2
278,14,4.6
278,44,3.5
278,47,4.3
278,55,3.9
278,35,5.0
278,33,3.4
278,30,3.9
278,18,3.6
278,32,4.5
279,42,3.7
279,41,3.6
279,37,3.8
279,29,3.6
279,32,4.4
279,12,4.8
279,33,4.3
279,30,3.5
279,11,4.9
279,104,4.1
279,58,4.1
279,28,4.1
279,38,4.2
279,23,3.8
279,19,4.6
279,34,3.8
279,51,4.0
279,17,4.2
279,48,3.7
279,14,3.4
279,24,3.5
279,46,4.8
279,35,3.9
279,44,4.7
279,49,4.5
279,21,4.3
279,26,5.0
279,20,4.1
279,18,4.1
280,45,4.8
280,8,4.5
280,31,5.0
280,86,4.2
280,20,3.8
280,38,4.4
280,44,4.1
280,19,4.5
280,46,4.8
280,49,3.7
280,33,3.6
280,23,3.3
280,35,4.7
280,52,4.4
280,57,5.0
280,12,3.6
280,29,4.7
280,37,4.2
280,51,4.2
280,11,4.1
280,17,3.7
280,14,3.8
280,22,3.5
280,21,3.7
280,26,4.0
280,32,4.1
281,52,4.7
281,41,3.9
281,44,3.9
281,22,3.8
281,47,4.9
281,38,3.5
281,35,3.9
281,48,4.0
281,46,4.7
281,42,4.4
281,30,4.1
281,37,3.8
281,17,3.5
281,43,4.0
281,87,4.3
281,21,5.0
281,11,4.4
281,18,4.4
282,46,4.9
282,42,4.5
282,28,5.0
282,33,3.7
282,37,3.8
282,49,3.8
282,29,4.0
282,18,3.5
282,58,5.0
282,55,4.7
282,104,4.0
282,21,4.9
282,17,4.8
282,23,4.9
282,38,4.4
282,12,3.8
282,24,3.6
282,47,3.9
282,44,3.8
282,20,3.5
282,22,4.6
282,32,3.5
282,8,3.5
282,41,4.7
282,34,4.2
282,14,3.7
283,41,3.7
283,34,4.3
283,36,3.9
283,22,3.6
283,11,4.3
283,42,4.2
283,45,4.3
283,49,4.4
283,29,4.2
283,51,3.9
283,12,4.5
283,35,4.7
283,33,4.5
283,47,3.5
283,46,4.3
283,18,4.2
283,30,4.3
283,43,4.4
283,55,4.4
283,52,4.0
283,21,3.6
283,44,4.3
283,48,4.8
283,24,3.4
283,23,3.6
284,46,3.6
284,54,4.9
284,42,4.7
284,18,4.9
284,36,4.0
284,24,3.7
284,23,4.1
284,19,3.7
284,11,3.4
284,43,3.6
284,34,4.5
284,21,4.1
284,12,3.5
284,38,4.7
284,49,4.5
284,28,3.6
284,17,4.2
284,48,4.4
284,52,4.9
284,30,4.4
284,33,4.3
284,32,4.8
284,22,4.8
285,48,4.8
285,43,3.7
285,33,4.8
285,30,4.3
285,22,4.4
285,42,4.3
285,41,3.5
285,38,4.7
285,31,4.4
285,44,4.5
285,47,3.9
285,11,4.5
285,21,4.5
285,46,4.9
285,37,4.3
285,52,4.8
285,8,4.5
285,32,5.0
285,20,4.1
285,14,4.5
285,34,4.6
285,23,3.3
285,51,4.5
285,17,3.9
285,35,4.8
285,19,3.7
285,24,3.8
285,28,4.1
285,49,4.1
286,43,4.4
286,12,3.5
286,32,3.8
286,42,3.5
286,11,4.0
286,21,3.8
286,47,3.7
286,19,3.9
286,20,3.7
286,37,4.0
286,30,4.1
286,46,4.7
286,38,3.9
286,36,3.9
286,22,3.8
286,54,4.5
286,41,4.5
286,45,4.7
286,24,3.6
286,35,3.6
286,28,3.6
286,17,4.5
286,51,4.5
286,44,4.1
286,29,3.9
287,22,3.4
287,38,4.2
287,28,4.8
287,44,4.8
287,12,3.6
287,34,4.8
287,11,4.9
287,47,4.9
287,42,4.1
287,24,4.5
287,48,4.9
287,35,4.0
287,33,4.2
287,18,4.9
287,32,4.2
287,93,4.6
287,31,4.1
287,20,4.3
287,8,3.3
287,21,4.0
287,30,4.2
287,46,4.3
287,19,4.4
287,41,4.5
287,52,3.9
288,11,3.9
288,47,4.1
288,12,3.5
288,21,3.9
288,42,4.8
288,48,4.1
288,18,3.6
288,35,4.8
288,19,3.5
288,79,4.6
288,43,4.3
288,51,3.8
288,25,4.3
288,49,4.4
288,45,4.3
288,41,4.4
288,30,4.7
288,38,3.7
288,23,4.6
288,14,3.8
288,37,4.2
288,32,4.1
288,52,3.9
288,36,4.8
288,46,4.1
288,29,4.1
288,20,4.6
288,53,4.2
288,24,3.7
289,22,4.9
289,34,4.9
289,28,4.9
289,24,3.9
289,47,4.2
289,37,4.8
289,17,3.3
289,14,3.5
289,33,3.5
289,45,4.2
289,41,3.8
289,49,5.0
289,8,3.5
289,66,4.6
289,29,3.7
289,11,3.4
289,44,4.8
289,42,4.7
289,20,5.0
289,35,4.3
290,35,4.3
290,37,4.2
290,19,3.5
290,12,4.8
290,11,4.8
290,42,4.3
290,34,4.9
290,24,3.7
290,30,3.8
290,52,3.8
290,51,4.1
290,5,2.9
290,48,4.7
290,32,4.6
290,38,4.3
290,8,4.3
290,23,4.1
290,14,4.3
290,43,4.5
290,45,3.6
290,33,3.7
290,36,4.7
290,49,4.4
290,20,3.7
291,30,3.7
291,29,3.6
291,18,4.3
291,28,4.9
291,49,4.4
291,14,3.5
291,47,3.8
291,34,4.0
291,48,4.0
291,24,4.7
291,51,4.6
291,17,3.5
291,43,4.7
291,23,4.6
291,42,4.9
291,22,4.7
291,36,3.5
291,45,4.8
292,8,3.2
292,52,4.8
292,30,3.5
292,12,3.5
292,64,4.9
292,49,4.7
292,24,3.9
292,45,4.6
292,28,3.7
292,51,4.0
292,42,4.5
292,22,3.4
292,44,4.4
292,48,5.0
292,17,4.2
292,46,4.0
292,41,4.7
292,14,4.8
292,32,4.0
292,38,4.3
292,37,4.4
292,23,4.6
292,20,5.0
293,44,3.9
293,32,3.4
293,33,3.5
293,51,3.9
293,24,4.8
293,38,3.9
293,26,4.0
293,37,4.5
293,64,4.6
293,47,4.1
293,21,3.8
293,41,4.4
293,8,4.2
293,48,4.1
293,19,3.9
293,34,4.7
293,60,4.6
293,36,4.5
293,57,3.9
293,30,4.4
293,12,4.8
293,46,3.7
293,18,4.5
293,45,4.6
293,17,3.6
293,11,3.2
293,49,4.4
293,43,3.7
293,29,4.9
293,23,4.8
294,35,3.5
294,45,4.2
294,22,3.8
294,19,4.0
294,46,4.2
294,30,3.6
294,41,4.5
294,28,4.0
294,32,3.9
294,47,4.1
294,33,3.9
294,18,4.5
294,23,3.5
294,42,3.9
294,97,4.1
294,29,4.0
294,14,4.0
294,20,4.7
294,34,4.9
294,44,4.2
294,48,3.8
294,11,4.2
294,51,3.9
294,36,3.5
294,17,4.9
295,8,3.9
295,28,4.8
295,38,4.5
295,29,5.0
295,33,4.3
295,14,3.7
295,43,4.4
295,36,3.7
295,47,3.6
295,48,4.8
295,49,4.0
295,34,4.0
295,17,4.6
295,24,4.2
295,35,3.6
295,26,3.9
295,11,3.6
295,41,4.7
295,32,3.5
295,19,3.9
295,4,3.1
295,46,4.8
295,42,3.6
295,37,3.7
295,12,4.2
296,46,4.3
296,49,4.4
296,44,4.9
296,26,4.6
296,21,4.1
296,28,3.8
296,41,3.6
296,8,3.6
296,37,4.5
296,32,3.4
296,101,4.7
296,42,3.9
296,12,3.4
296,11,4.9
296,35,4.8
296,29,4.4
296,24,4.5
296,51,4.5
296,38,4.7
296,33,4.1
297,52,4.6
297,8,4.5
297,44,4.7
297,14,3.9
297,23,4.9
297,55,4.1
297,17,3.5
297,29,4.7
297,49,4.3
297,48,4.0
297,46,4.3
297,32,3.4
297,24,4.3
297,30,4.5
297,18,4.0
297,37,4.3
297,42,4.9
297,33,3.9
297,11,4.2
297,12,3.9
297,40,4.7
297,22,3.8
298,23,3.8
298,8,4.7
298,94,4.3
298,17,5.0
298,37,3.8
298,34,4.5
298,26,3.8
298,47,4.1
298,20,3.4
298,44,3.5
298,41,4.8
298,43,3.5
298,22,4.4
298,35,3.9
298,21,4.2
298,29,4.2
298,14,4.0
298,45,3.8
298,36,4.7
298,74,4.2
298,38,3.6
298,11,3.6
298,18,3.9
298,12,4.4
298,48,4.9
298,24,4.3
298,30,3.4
299,47,4.2
299,12,4.1
299,20,3.7
299,48,4.9
299,17,3.8
299,11,4.0
299,51,4.3
299,8,3.7
299,23,3.7
299,42,4.8
299,45,3.7
299,32,4.1
299,43,4.6
299,41,3.9
299,29,4.9
299,36,4.3
299,38,4.4
299,49,4.8
299,14,4.8
299,63,4.2
299,33,4.6
299,35,4.4
299,44,3.8
299,46,4.6
299,34,4.3
300,58,4.5
300,51,4.4
300,45,3.7
300,36,4.0
300,48,4.9
300,18,4.2
300,46,4.9
300,52,4.5
300,35,4.5
300,37,3.8
300,22,4.6
300,24,4.1
300,17,3.5
300,41,4.6
300,23,4.6
300,62,4.6
300,43,4.8
300,47,3.8
